data_id,product_id,store_id,price,price_per_unit,unit,date_of_price,created_time
503,372,3,0.66,2.99,1lb,1713326400000,1713507918672
504,371,3,0.97,1.99,1lb,1713326400000,1713507918682
505,373,3,2.71,1.09,1lb,1713326400000,1713507918686
506,214,3,5.99,0.13,100g,1713326400000,1713507918690
507,374,3,3.88,0.22,100g,1713326400000,1713507918694
508,15,3,0.88,0.88,1ea,1713326400000,1713507918697
509,375,3,0.99,0.99,1ea,1713326400000,1713507918701
510,17,3,1.38,0.88,1lb,1713326400000,1713507918705
511,27,3,0.99,0.99,1ea,1713326400000,1713507918709
512,215,3,1.99,1.99,1ea,1713326400000,1713507918713
513,377,3,4.99,0.73,100g,1713326400000,1713507918717
514,378,3,3.99,0.88,100g,1713326400000,1713507918721
515,218,3,3.99,0.29,100g,1713326400000,1713507918724
516,216,3,1.29,1.29,1ea,1713326400000,1713507918728
517,376,3,2.49,2.49,1ea,1713326400000,1713507918732
518,30,3,2.49,2.49,1ea,1713326400000,1713507918735
519,223,3,2.99,0.92,100g,1713326400000,1713507918738
520,37,3,0.66,2.99,1lb,1713326400000,1713507918741
521,51,3,14,1.03,100g,1713326400000,1713507934598
522,379,3,5.99,0.97,100g,1713326400000,1713507934603
523,50,3,3.49,0.93,100g,1713326400000,1713507934607
524,53,3,3.49,0.93,100g,1713326400000,1713507934611
525,380,3,5.99,0.97,100g,1713326400000,1713507934615
526,46,3,10.99,1.1,100g,1713326400000,1713507934620
527,58,3,14,1.24,100g,1713326400000,1713507934625
528,381,3,5.99,0.97,100g,1713326400000,1713507934632
529,382,3,14.4,5.99,1lb,1713326400000,1713507934638
530,64,3,3.49,0.93,100g,1713326400000,1713507934644
531,68,3,14,1.37,100g,1713326400000,1713507934649
532,66,3,14,1.24,100g,1713326400000,1713507934655
533,383,3,6.99,39.94,1kg $3.99,1713326400000,1713507946986
534,384,3,6,3.75,100g,1713326400000,1713507946992
535,386,3,5,1,100ml,1713326400000,1713507946997
536,385,3,4.49,2.25,100g,1713326400000,1713507947001
537,387,3,6,3.53,100g,1713326400000,1713507947005
538,464,3,8,2,100g,1713326400000,1713507947010
539,465,3,6,16,1kg $1.60,1713326400000,1713507947015
540,466,3,4.49,2.27,100g,1713326400000,1713507947020
541,389,3,6.99,39.94,1kg $3.99,1713326400000,1713507947025
542,388,3,5.99,3.99,100g,1713326400000,1713507947029
543,390,3,5.99,3.99,100g,1713326400000,1713507947034
544,391,3,6,3.75,100g,1713326400000,1713507947038
545,393,3,6.99,39.94,1kg $3.99,1713326400000,1713507947042
546,468,3,6,4,100g,1713326400000,1713507947046
547,467,3,3.99,1.41,100g,1713326400000,1713507947051
548,392,3,5.99,4.79,100g,1713326400000,1713507947055
549,394,3,7,1.4,100g,1713326400000,1713507947059
550,397,3,6,3.53,100g,1713326400000,1713507947063
551,398,3,6,20,1kg $2.00,1713326400000,1713507947067
552,395,3,6.49,3.71,100g,1713326400000,1713507947072
553,396,3,6,4,100g,1713326400000,1713507947076
554,399,3,6.99,4.66,100g,1713326400000,1713507947080
555,400,3,6,3.75,100g,1713326400000,1713507947085
556,402,3,5,1,100ml,1713326400000,1713507947089
557,403,3,6,4,100g,1713326400000,1713507947094
558,401,3,6.99,3.99,100g,1713326400000,1713507947099
559,469,3,6,3.75,100g,1713326400000,1713507947104
560,71,3,6,3.75,100g,1713326400000,1713507947109
561,394,3,7,1.4,100g,1713326400000,1713507947114
562,470,3,5.49,1.1,100g,1713326400000,1713507959544
563,404,3,5.49,1.22,100g,1713326400000,1713507959550
564,405,3,5,1.79,100g,1713326400000,1713507959556
565,405,3,5,1.67,100g,1713326400000,1713507959562
566,286,3,5.99,1.5,100g,1713326400000,1713507971072
567,102,3,5.99,2,100g,1713326400000,1713507971077
568,292,3,5.99,1.5,100g,1713326400000,1713507971082
569,289,3,5.99,1.5,100g,1713326400000,1713507971086
570,291,3,5.99,1.5,100g,1713326400000,1713507971090
571,103,3,5.99,2,100g,1713326400000,1713507971095
572,294,3,5.99,1.5,100g,1713326400000,1713507971099
573,296,3,5.99,1.5,100g,1713326400000,1713507971104
574,407,3,1,0.32,100ml,1713326400000,1713507987121
575,406,3,5.79,0.14,100ml,1713326400000,1713507987124
576,408,3,2.99,0.46,100g,1713326400000,1713507987128
577,410,3,5.79,0.29,100ml,1713326400000,1713507987131
578,409,3,2.99,0.48,100g,1713326400000,1713507987134
579,408,3,2.99,0.46,100g,1713326400000,1713507987138
580,411,3,6.29,1.01,100g,1713326400000,1713507987141
581,471,3,5.77,1.8,100g,1713326400000,1713507987144
582,412,3,5.77,2.29,100g,1713326400000,1713507987148
583,408,3,2.99,0.46,100g,1713326400000,1713507987152
584,408,3,2.99,0.46,100g,1713326400000,1713507987158
585,413,3,5.77,1.8,100g,1713326400000,1713507987163
586,414,3,5.79,0.14,100ml,1713326400000,1713507987167
587,416,3,5.79,0.14,100ml,1713326400000,1713507987172
588,408,3,2.99,0.46,100g,1713326400000,1713507987176
589,415,3,5.77,3.05,100g,1713326400000,1713507987181
590,417,3,6.29,1.01,100g,1713326400000,1713507987185
591,472,3,2.99,0.46,100g,1713326400000,1713507987190
592,473,3,2.99,0.48,100g,1713326400000,1713507987194
593,418,3,5.77,1.72,100g,1713326400000,1713507987198
594,419,3,5.79,0.14,100ml,1713326400000,1713507987203
595,474,3,5.79,0.29,100ml,1713326400000,1713507987208
596,416,3,1,0.13,100ml,1713326400000,1713507987213
597,425,3,2.99,0.15,1ea,1713326400000,1713508002175
598,190,3,0.88,0.09,100ml,1713326400000,1713508002182
599,426,3,2.99,0.15,1ea,1713326400000,1713508002187
600,428,3,2.99,0.15,1ea,1713326400000,1713508002198
601,427,3,2.99,0.15,1ea,1713326400000,1713508002200
602,424,3,2.99,0.12,1ea,1713326400000,1713508002202
603,165,3,3.99,0.09,100ml,1713326400000,1713508002204
604,420,3,2.99,0.15,100ml,1713326400000,1713508002206
605,421,3,13.99,1.54,100g,1713326400000,1713508002209
606,423,3,1.99,0.2,100ml,1713326400000,1713508002212
607,475,3,2.99,9.97,100g,1713326400000,1713508002215
608,422,3,13.99,1.54,100g,1713326400000,1713508002221
609,430,3,2.99,0.19,100ml,1713326400000,1713508002226
610,324,3,0.88,0.09,100ml,1713326400000,1713508002231
611,431,3,2.99,0.15,100ml,1713326400000,1713508002235
612,432,3,2.99,0.15,1ea,1713326400000,1713508002240
613,176,3,3.99,0.09,100ml,1713326400000,1713508002245
614,325,3,0.88,0.09,100ml,1713326400000,1713508002250
615,429,3,2.99,0.19,100ml,1713326400000,1713508002254
616,433,3,2.99,9.34,100g,1713326400000,1713508002256
617,328,3,0.88,0.09,100ml,1713326400000,1713508002259
618,434,3,2.99,0.15,100ml,1713326400000,1713508002261
619,435,3,2.99,0.12,1ea,1713326400000,1713508002264
620,437,3,3.99,0.42,100ml,1713326400000,1713508002266
621,436,3,2.99,0.15,1ea,1713326400000,1713508002269
622,168,3,3.99,0.09,100ml,1713326400000,1713508002272
623,438,3,2.99,0.15,1ea,1713326400000,1713508002274
624,439,3,13.99,0.47,1ea,1713326400000,1713508002277
625,441,3,13.99,1.54,100g,1713326400000,1713508002280
626,179,3,2.99,0.12,1ea,1713326400000,1713508002282
627,443,3,3.99,0.42,100ml,1713326400000,1713508002285
628,440,3,2.99,0.15,1ea,1713326400000,1713508002288
629,442,3,13.99,0.47,1ea,1713326400000,1713508002290
630,165,3,3.99,0.09,100ml,1713326400000,1713508002293
631,476,3,1.25,0.25,100ml,1713326400000,1713508002297
632,446,3,2.99,7.48,100g,1713326400000,1713508002300
633,348,3,0.88,0.09,100ml,1713326400000,1713508002303
634,157,3,3.99,0.09,100ml,1713326400000,1713508002306
635,447,3,2.99,0.15,1ea,1713326400000,1713508002309
636,448,3,13.99,0.47,1ea,1713326400000,1713508002312
637,444,3,2.99,0.15,1ea,1713326400000,1713508002314
638,445,3,1.25,0.31,100ml,1713326400000,1713508002317
639,449,3,9.99,0.32,1ea,1713326400000,1713508014595
640,477,3,3.99,0.57,100ml,1713326400000,1713508014598
641,450,3,6.99,0.23,1ea,1713326400000,1713508014601
642,451,3,7.99,0.53,1ea,1713326400000,1713508014604
643,452,3,9.99,0.43,1ea,1713326400000,1713508014607
644,363,3,0.88,0.88,ea,1713326400000,1713508014611
645,453,3,9.99,0.33,1ea,1713326400000,1713508014614
646,454,3,9.99,0.25,1ea,1713326400000,1713508014618
647,456,3,3.99,0.28,100ml,1713326400000,1713508014622
648,454,3,9.99,9.99,1ea,1713326400000,1713508014630
649,455,3,6.99,0.17,1ea,1713326400000,1713508014640
650,457,3,13.99,0.35,100ml,1713326400000,1713508014649
651,449,3,9.99,0.32,1ea,1713326400000,1713508014656
652,459,3,6.99,0.44,1ea,1713326400000,1713508014662
653,460,3,1,0.17,100g,1713326400000,1713508014667
654,461,3,6.99,0.35,1ea,1713326400000,1713508014673
655,462,3,9.99,0.32,1ea,1713326400000,1713508014678
656,360,3,9.99,0.38,100ml,1713326400000,1713508014683
657,478,3,3.99,0.57,100ml,1713326400000,1713508014688
658,458,3,9.99,0.05,1ea,1713326400000,1713508014692
659,454,3,9.99,0.18,1ea,1713326400000,1713508014696
660,463,3,6.99,0.25,1ea,1713326400000,1713508014701
898,479,3,4.35,1.99,1lb,1713931200000,1714122253672
899,482,3,3.99,0.36,1ea,1713931200000,1714122253675
900,480,3,2.99,1.5,1ea,1713931200000,1714122253678
901,481,3,0.22,4.39,1kg,1713931200000,1714122253682
902,375,3,0.99,0.99,1ea,1713931200000,1714122253687
903,16,3,2.49,1.1,100g,1713931200000,1714122253691
904,213,3,2.99,0.75,1ea,1713931200000,1714122253695
905,27,3,0.99,0.99,1ea,1713931200000,1714122253701
906,215,3,1.99,1.99,1ea,1713931200000,1714122253705
907,21,3,0.99,0.99,1ea,1713931200000,1714122253709
908,484,3,5.99,1.92,100g,1713931200000,1714122253713
909,483,3,1.37,0.99,1lb,1713931200000,1714122253717
910,378,3,3.99,0.88,100g,1713931200000,1714122253722
911,485,3,1.18,1.99,1lb,1713931200000,1714122253726
912,216,3,0.88,0.88,1ea,1713931200000,1714122253729
913,377,3,4.99,0.73,100g,1713931200000,1714122253733
914,217,3,1.23,1.99,1lb,1713931200000,1714122253737
915,487,3,3.99,0.44,100g,1713931200000,1714122253743
916,488,3,5.99,1.92,100g,1713931200000,1714122253770
917,486,3,1.84,1.84,1ea,1713931200000,1714122253780
918,37,3,0.66,2.99,1lb,1713931200000,1714122253783
919,40,3,2.49,1.1,100g,1713931200000,1714122253787
920,41,3,7.99,2,100g,1713931200000,1714122268097
921,231,3,6.99,1.86,100g,1713931200000,1714122268101
922,43,3,3.99,0.8,100g,1713931200000,1714122268104
923,491,3,12.52,4.66,1lb,1713931200000,1714122268106
924,235,3,6.99,1.86,100g,1713931200000,1714122268111
925,490,3,13,1.91,100g,1713931200000,1714122268115
926,489,3,3.99,1.06,100g,1713931200000,1714122268118
927,47,3,3.99,1.06,100g,1713931200000,1714122268121
928,50,3,3.49,0.93,100g,1713931200000,1714122268124
929,240,3,5.49,1.46,100g,1713931200000,1714122268128
930,46,3,3.99,0.8,100g,1713931200000,1714122268133
931,52,3,13,1.15,100g,1713931200000,1714122268137
932,48,3,3.99,1.06,100g,1713931200000,1714122268140
933,245,3,5.99,1.2,100g,1713931200000,1714122268144
934,492,3,3.99,1.06,100g,1713931200000,1714122268148
935,57,3,8.89,3.49,1lb,1713931200000,1714122268151
936,53,3,3.49,0.93,100g,1713931200000,1714122268155
937,253,3,6.99,2.33,100g,1713931200000,1714122268160
938,251,3,6.99,1.4,100g,1713931200000,1714122268164
939,246,3,5.99,1.2,100g,1713931200000,1714122268168
940,254,3,6.99,2.33,100g,1713931200000,1714122268173
941,55,3,3.99,1.6,100g,1713931200000,1714122268177
942,252,3,6.99,1.4,100g,1713931200000,1714122268180
943,65,3,7.99,3.4,100g,1713931200000,1714122268184
944,64,3,3.49,0.93,100g,1713931200000,1714122268188
945,494,3,12,0.88,100g,1713931200000,1714122268191
946,259,3,6.99,23.3,1kg $2.33,1713931200000,1714122268195
947,257,3,6.99,2.33,100g,1713931200000,1714122268198
948,493,3,13.2,4.99,1lb,1713931200000,1714122268202
949,67,3,12,2.11,100g,1713931200000,1714122268206
950,260,3,6.99,2.33,100g,1713931200000,1714122268209
951,65,3,3.99,1.06,100g,1713931200000,1714122268213
952,63,3,3.99,0.8,100g,1713931200000,1714122268216
953,71,3,3.99,3,100g,1713931200000,1714122282709
954,495,3,2.49,1.38,100g,1713931200000,1714122282712
955,497,3,2.49,1.38,100g,1713931200000,1714122282715
956,498,3,2.49,1.38,100g,1713931200000,1714122282719
957,496,3,2.49,1.38,100g,1713931200000,1714122282724
958,69,3,3.99,3,100g,1713931200000,1714122282727
959,142,3,7,2.8,100g,1713931200000,1714122282729
960,261,3,7,2.8,100g,1713931200000,1714122282733
961,231,3,6.99,1.86,100g,1713931200000,1714122282736
962,499,3,2.49,1.38,100g,1713931200000,1714122282741
963,500,3,2.49,1.38,100g,1713931200000,1714122282745
964,502,3,2.49,1.25,100g,1713931200000,1714122282749
965,235,3,6.99,1.86,100g,1713931200000,1714122282753
966,267,3,7,2.8,100g,1713931200000,1714122282758
967,73,3,3.99,3,100g,1713931200000,1714122282761
968,503,3,2.49,1.38,100g,1713931200000,1714122282764
969,74,3,3.99,3.33,100g,1713931200000,1714122282768
970,504,3,2.49,1.25,100g,1713931200000,1714122282771
971,501,3,2.49,0.65,100g,1713931200000,1714122282774
972,81,3,3.99,3.33,100g,1713931200000,1714122282777
973,274,3,7,2.8,100g,1713931200000,1714122282781
974,505,3,2.49,1.38,100g,1713931200000,1714122282784
975,80,3,3.99,3,100g,1713931200000,1714122282789
976,251,3,6.99,1.4,100g,1713931200000,1714122282793
977,80,3,3.99,3.33,100g,1713931200000,1714122282796
978,277,3,7,2.8,100g,1713931200000,1714122282799
979,253,3,6.99,2.33,100g,1713931200000,1714122282803
980,254,3,6.99,2.33,100g,1713931200000,1714122282806
981,252,3,6.99,1.4,100g,1713931200000,1714122282814
982,506,3,2.49,1.25,100g,1713931200000,1714122282818
983,86,3,3.99,2.85,100g,1713931200000,1714122282821
984,508,3,2.49,1.38,100g,1713931200000,1714122282824
985,257,3,6.99,2.33,100g,1713931200000,1714122282827
986,259,3,6.99,23.3,1kg $2.33,1713931200000,1714122282838
987,509,3,2.49,1.38,100g,1713931200000,1714122282840
988,507,3,2.49,1.38,100g,1713931200000,1714122282843
989,260,3,6.99,2.33,100g,1713931200000,1714122282846
990,283,3,3,1.28,100g,1713931200000,1714122298996
991,285,3,2.99,1.32,100g,1713931200000,1714122312228
992,287,3,2.99,1.32,100g,1713931200000,1714122312232
993,288,3,2.99,1.87,100g,1713931200000,1714122312237
994,293,3,2.99,1.32,100g,1713931200000,1714122312243
995,295,3,2.99,5.98,100g,1713931200000,1714122312249
996,510,3,3.99,1.01,100g,1713931200000,1714122330194
997,303,3,2.99,0.6,100g,1713931200000,1714122330197
998,512,3,5.77,1.44,100g,1713931200000,1714122330200
999,104,3,3.79,0.2,100ml,1713931200000,1714122330204
1000,104,3,3.79,0.2,100ml,1713931200000,1714122330210
1001,304,3,2.99,0.6,100g,1713931200000,1714122330215
1002,109,3,3.79,0.2,100ml,1713931200000,1714122330218
1003,110,3,4.25,2.13,100g,1713931200000,1714122330221
1004,112,3,4.25,1.77,100g,1713931200000,1714122330224
1005,302,3,2.99,1.15,100g,1713931200000,1714122330227
1006,297,3,5.99,0.44,100g,1713931200000,1714122330230
1007,513,3,3.99,0.42,100ml,1713931200000,1714122330233
1008,299,3,2.99,0.6,100g,1713931200000,1714122330236
1009,104,3,3.79,0.2,100ml,1713931200000,1714122330240
1010,511,3,6.99,0.93,100ml,1713931200000,1714122330243
1011,267,3,5.77,1.44,100g,1713931200000,1714122330247
1012,298,3,2.99,1.15,100g,1713931200000,1714122330251
1013,121,3,2.49,0.26,100ml,1713931200000,1714122330255
1014,511,3,6.99,0.93,100ml,1713931200000,1714122330260
1015,121,3,2.49,0.26,100ml,1713931200000,1714122330265
1016,305,3,2.49,0.26,100ml,1713931200000,1714122330270
1017,121,3,3.79,0.22,100ml,1713931200000,1714122330274
1018,303,3,2.99,0.6,100g,1713931200000,1714122330279
1019,515,3,3.99,0.42,100ml,1713931200000,1714122330283
1020,303,3,2.99,0.6,100g,1713931200000,1714122330287
1021,127,3,4.25,2.13,100g,1713931200000,1714122330293
1022,123,3,4.25,1.93,100g,1713931200000,1714122330298
1023,130,3,4.25,1.77,100g,1713931200000,1714122330303
1024,517,3,5.99,1.32,100g,1713931200000,1714122330309
1025,519,3,5.77,1.44,100g,1713931200000,1714122330316
1026,518,3,5.77,1.44,100g,1713931200000,1714122330324
1027,516,3,3.99,0.42,100ml,1713931200000,1714122330332
1028,514,3,3.99,0.42,100ml,1713931200000,1714122330337
1029,520,3,5.77,1.44,100g,1713931200000,1714122330341
1030,303,3,2.99,0.75,100g,1713931200000,1714122330344
1031,522,3,5.77,1.44,100g,1713931200000,1714122330350
1032,109,3,3.79,0.2,100ml,1713931200000,1714122330354
1033,306,3,5.99,0.47,100g,1713931200000,1714122330358
1034,521,3,3.99,0.42,100ml,1713931200000,1714122330362
1035,307,3,2.99,0.46,100g,1713931200000,1714122330365
1036,134,3,3.79,0.2,100ml,1713931200000,1714122330369
1037,104,3,3.79,0.2,100ml,1713931200000,1714122330374
1038,139,3,4.25,2.13,100g,1713931200000,1714122330379
1039,303,3,2.99,0.75,100g,1713931200000,1714122330386
1040,104,3,3.79,0.2,100ml,1713931200000,1714122330393
1041,523,3,5.77,1.44,100g,1713931200000,1714122330399
1042,121,3,2.49,0.26,100ml,1713931200000,1714122330403
1043,109,3,3.79,0.2,100ml,1713931200000,1714122330408
1044,109,3,3.79,0.2,100ml,1713931200000,1714122339554
1045,524,3,3.99,0.42,100ml,1713931200000,1714122339557
1046,121,3,3.79,0.22,100ml,1713931200000,1714122339561
1047,303,3,2.99,0.6,100g,1713931200000,1714122339565
1048,526,3,5.77,1.44,100g,1713931200000,1714122339569
1049,152,3,3.79,0.2,100ml,1713931200000,1714122339573
1050,527,3,5.99,1.32,100g,1713931200000,1714122339577
1051,309,3,2.49,0.26,100ml,1713931200000,1714122339580
1052,528,3,5.77,1.92,100g,1713931200000,1714122339583
1053,149,3,4.25,1.77,100g,1713931200000,1714122339587
1054,121,3,3.79,0.22,100ml,1713931200000,1714122339591
1055,303,3,2.99,0.75,100g,1713931200000,1714122339596
1056,310,3,2.99,0.46,100g,1713931200000,1714122339600
1057,303,3,2.99,0.6,100g,1713931200000,1714122339604
1058,303,3,2.99,0.6,100g,1713931200000,1714122339608
1059,529,3,2.79,1.4,100ml,1713931200000,1714122355464
1060,530,3,2.79,0.17,100ml,1713931200000,1714122355467
1061,531,3,2.79,0.17,100ml,1713931200000,1714122355470
1062,156,3,1.25,0.06,100ml,1713931200000,1714122355473
1063,104,3,3.79,0.2,100ml,1713931200000,1714122355476
1064,533,3,2.79,0.17,100ml,1713931200000,1714122355479
1065,312,3,13.99,1.6,100g,1713931200000,1714122355482
1066,104,3,3.79,0.2,100ml,1713931200000,1714122355485
1067,328,3,2.79,0.15,100ml,1713931200000,1714122355489
1068,109,3,3.79,0.2,100ml,1713931200000,1714122355492
1069,158,3,1.25,0.06,100ml,1713931200000,1714122355495
1070,311,3,2.49,0.53,100ml,1713931200000,1714122355499
1071,532,3,6.99,0.49,100ml,1713931200000,1714122355502
1072,325,3,2.79,0.15,100ml,1713931200000,1714122355506
1073,104,3,3.79,0.2,100ml,1713931200000,1714122355510
1074,534,3,2.79,0.17,100ml,1713931200000,1714122355514
1075,121,3,3.79,0.22,100ml,1713931200000,1714122355517
1076,536,3,3.99,4.99,100g,1713931200000,1714122355521
1077,537,3,2.79,0.15,100ml,1713931200000,1714122355526
1078,165,3,1.25,0.06,100ml,1713931200000,1714122355531
1079,535,3,9.99,0.83,1ea,1713931200000,1714122355536
1080,539,3,2.79,0.15,100ml,1713931200000,1714122355542
1081,168,3,1.25,0.06,100ml,1713931200000,1714122355548
1082,322,3,13.99,0.47,1ea,1713931200000,1714122355555
1083,538,3,4.49,0.26,100ml,1713931200000,1714122355562
1084,535,3,9.99,0.83,1ea,1713931200000,1714122355567
1085,323,3,13.99,0.47,1ea,1713931200000,1714122355570
1086,318,3,2.49,0.53,100ml,1713931200000,1714122355575
1087,169,3,1.25,0.06,100ml,1713931200000,1714122355579
1088,166,3,1.25,0.06,100ml,1713931200000,1714122355585
1089,540,3,2.79,0.17,100ml,1713931200000,1714122355590
1090,331,3,2.49,0.53,100ml,1713931200000,1714122355594
1091,326,3,13.99,1.5,100g,1713931200000,1714122355598
1092,170,3,1.25,0.06,100ml,1713931200000,1714122355604
1093,177,3,1.25,0.06,100ml,1713931200000,1714122355610
1094,109,3,3.79,0.2,100ml,1713931200000,1714122355615
1095,165,3,1.25,0.06,100ml,1713931200000,1714122355619
1096,542,3,2.79,0.15,100ml,1713931200000,1714122355623
1097,535,3,9.99,2.94,100g,1713931200000,1714122355627
1098,182,3,1.25,0.06,100ml,1713931200000,1714122355633
1099,541,3,2.79,0.17,100ml,1713931200000,1714122355638
1100,134,3,3.79,0.2,100ml,1713931200000,1714122355643
1101,104,3,3.79,0.2,100ml,1713931200000,1714122355648
1102,340,3,13.99,1.5,100g,1713931200000,1714122355654
1103,544,3,2.79,0.17,100ml,1713931200000,1714122355658
1104,104,3,3.79,0.2,100ml,1713931200000,1714122355663
1105,170,3,1.25,0.06,100ml,1713931200000,1714122355668
1106,338,3,13.99,0.47,1ea,1713931200000,1714122355672
1107,339,3,2.49,0.53,100ml,1713931200000,1714122362231
1108,545,3,2.79,0.17,100ml,1713931200000,1714122362234
1109,340,3,13.99,1.5,100g,1713931200000,1714122362237
1110,555,3,3.99,3.99,100g,1713931200000,1714122362241
1111,121,3,3.79,0.22,100ml,1713931200000,1714122362246
1112,181,3,1.25,0.06,100ml,1713931200000,1714122362250
1113,170,3,1.25,0.06,100ml,1713931200000,1714122362254
1114,338,3,13.99,0.47,1ea,1713931200000,1714122362257
1115,329,3,13.99,0.47,1ea,1713931200000,1714122362260
1116,543,3,6.99,0.49,100ml,1713931200000,1714122362263
1117,186,3,1.25,0.06,100ml,1713931200000,1714122362266
1118,171,3,1.25,0.06,100ml,1713931200000,1714122362269
1119,334,3,13.99,0.47,1ea,1713931200000,1714122362272
1120,548,3,2.79,0.17,100ml,1713931200000,1714122362275
1121,549,3,13.99,1.6,100g,1713931200000,1714122362277
1122,535,3,9.99,2.94,100g,1713931200000,1714122362280
1123,550,3,3.99,3.99,100g,1713931200000,1714122362283
1124,152,3,3.79,0.2,100ml,1713931200000,1714122362286
1125,346,3,13.99,0.47,1ea,1713931200000,1714122362289
1126,121,3,3.79,0.22,100ml,1713931200000,1714122362292
1127,553,3,2.79,0.17,100ml,1713931200000,1714122362295
1128,552,3,1.25,0.06,100ml,1713931200000,1714122362298
1129,547,3,2.49,0.53,100ml,1713931200000,1714122362301
1130,345,3,13.99,1.5,100g,1713931200000,1714122362303
1131,554,3,3.99,3.99,100g,1713931200000,1714122362306
1132,344,3,13.99,1.5,100g,1713931200000,1714122362309
1133,194,3,1.25,0.06,100ml,1713931200000,1714122362312
1134,551,3,2.79,0.17,100ml,1713931200000,1714122362315
1135,160,3,1.25,0.06,100ml,1713931200000,1714122362320
1136,216,4,3,1.5,un,1713931200000,1714508201503
1137,558,4,3.98,2.34,100g,1713931200000,1714508201510
1138,559,4,8.77,3.98,lb,1713931200000,1714508201514
1139,560,4,8.77,3.98,lb,1713931200000,1714508201519
1140,561,4,1.88,1.25,100g,1713931200000,1714508201524
1141,562,4,0.88,0.88,un,1713931200000,1714508201529
1142,225,4,3.77,2.65,100g,1713931200000,1714508201534
1143,563,4,3.77,2.65,100g,1713931200000,1714508201539
1144,564,4,0.87,1.98,lb,1713931200000,1714508201545
1145,565,4,5,2.5,un,1713931200000,1714508201550
1146,566,4,3.98,3.98,un,1713931200000,1714508201554
1147,217,4,1.08,1.99,lb,1713931200000,1714508201559
1148,567,4,1.98,0.87,100g,1713931200000,1714508201564
1149,568,4,5,0.55,100g,1713931200000,1714508201569
1150,569,4,3.77,2.65,100g,1713931200000,1714508201573
1151,570,4,3.98,2.34,100g,1713931200000,1714508201577
1152,571,4,3.98,0.18,100g,1713931200000,1714508201583
1153,572,4,3.98,0.18,100g,1713931200000,1714508201588
1154,573,4,3.98,0.88,100g,1713931200000,1714508201594
1155,574,4,4.98,0.44,100g,1713931200000,1714508201599
1156,575,4,3.98,1.76,100g,1713931200000,1714508201605
1157,576,4,0.74,1.98,lb,1713931200000,1714508201610
1158,577,4,3.77,2.65,100g,1713931200000,1714508201616
1159,578,4,3.98,0.88,100g,1713931200000,1714508201621
1160,579,4,3.98,0.66,100g,1713931200000,1714508201626
1161,580,4,1.98,1.98,un,1713931200000,1714508208710
1162,581,4,3.77,2.65,100g,1713931200000,1714508208714
1163,375,4,3,1.5,un,1713931200000,1714508208718
1164,582,4,3.98,0.44,100g,1713931200000,1714508208722
1165,208,4,3.98,0.18,100g,1713931200000,1714508208726
1166,583,4,4.98,0.37,100g,1713931200000,1714508208731
1167,584,4,1.98,0.7,100g,1713931200000,1714508208737
1168,585,4,3.98,0.44,100g,1713931200000,1714508208741
1169,586,4,4.98,0.55,100g,1713931200000,1714508208746
1170,587,4,5.22,1.48,lb,1713931200000,1714508208751
1171,588,4,4.98,0.55,100g,1713931200000,1714508208756
1172,589,4,0.39,0.88,lb,1713931200000,1714508208760
1173,590,4,5,0.55,100g,1713931200000,1714508208765
1174,591,4,1.98,0.7,100g,1713931200000,1714508208770
1175,592,4,3.98,0.44,100g,1713931200000,1714508208775
1176,593,4,1.88,0.38,un,1713931200000,1714508208779
1177,594,4,3.98,1,un,1713931200000,1714508208783
1178,595,4,4.98,0.83,un,1713931200000,1714508208788
1179,596,4,3.98,1.17,100g,1713931200000,1714508208793
1180,597,4,1.08,1.99,lb,1713931200000,1714508208797
1181,598,4,3.98,0.18,100g,1713931200000,1714508208802
1182,599,4,3.98,1,un,1713931200000,1714508208807
1183,600,4,4.98,0.37,100g,1713931200000,1714508208813
1184,601,4,5.74,1.48,lb,1713931200000,1714508208818
1185,602,4,7,1.03,100g,1713931200000,1714508208824
1186,603,4,7,1.03,100g,1713931200000,1714508216546
1187,604,4,2.88,0.21,100g,1713931200000,1714508216549
1188,571,4,3.98,0.18,100g,1713931200000,1714508216552
1189,605,4,2.88,0.72,un,1713931200000,1714508216554
1190,606,4,5,1,100g,1713931200000,1714508216556
1191,606,4,5,1,100g,1713931200000,1714508216562
1192,607,4,3.77,2.65,100g,1713931200000,1714508216564
1193,566,4,7,1.03,100g,1713931200000,1714508216566
1194,608,4,2.88,0.21,100g,1713931200000,1714508216569
1195,609,4,3.98,0.18,100g,1713931200000,1714508216571
1196,610,4,4.98,0.37,100g,1713931200000,1714508216574
1197,611,4,4.98,1.25,un,1713931200000,1714508216577
1198,612,4,6.98,6.98,un,1713931200000,1714508216580
1199,613,4,3,1.5,un,1713931200000,1714508216583
1200,481,4,3.77,1.11,100g,1713931200000,1714508216586
1201,614,4,4.98,0.37,100g,1713931200000,1714508216589
1202,615,4,3.98,0.18,100g,1713931200000,1714508216593
1203,616,4,4.98,0.37,100g,1713931200000,1714508216596
1204,372,4,4.98,0.55,100g,1713931200000,1714508216600
1205,617,4,1.98,0.87,100g,1713931200000,1714508216603
1206,618,4,2.98,2.98,un,1713931200000,1714508216607
1207,619,4,5.99,1.6,100g,1713931200000,1714508232306
1208,620,4,4.61,3.49,lb,1713931200000,1714508232316
1209,621,4,5.99,1.2,100g,1713931200000,1714508232322
1210,622,4,5.99,1.2,100g,1713931200000,1714508232328
1211,623,4,5.99,1.6,100g,1713931200000,1714508232334
1212,624,4,7.27,10.99,lb,1713931200000,1714508232341
1213,625,4,5.99,1.2,100g,1713931200000,1714508232350
1214,626,4,11.99,2.5,100g,1713931200000,1714508232356
1215,627,4,6.99,1.86,100g,1713931200000,1714508232362
1216,628,4,10.99,1.37,100g,1713931200000,1714508232366
1217,629,4,6.99,1.55,100g,1713931200000,1714508232372
1218,630,4,12.99,1.3,100g,1713931200000,1714508232377
1219,631,4,10.99,1.37,100g,1713931200000,1714508232384
1220,632,4,6.99,1.86,100g,1713931200000,1714508232389
1221,633,4,5.99,1.6,100g,1713931200000,1714508232396
1222,634,4,6.99,1.86,100g,1713931200000,1714508232401
1223,635,4,5.99,1.6,100g,1713931200000,1714508232408
1224,636,4,11.99,1.87,100g,1713931200000,1714508232415
1225,637,4,6.99,1.86,100g,1713931200000,1714508232421
1226,638,4,6.99,1.86,100g,1713931200000,1714508232426
1227,639,4,11.53,2.99,lb,1713931200000,1714508232430
1228,640,4,6.99,1.86,100g,1713931200000,1714508232433
1229,641,4,6.99,1.86,100g,1713931200000,1714508232436
1230,642,4,6.99,1.55,100g,1713931200000,1714508232439
1231,643,4,11.99,2.4,100g,1713931200000,1714508232442
1232,644,4,7.93,5.99,lb,1713931200000,1714508242753
1233,645,4,13.2,4.99,lb,1713931200000,1714508242758
1234,646,4,12.99,1.8,100g,1713931200000,1714508242761
1235,647,4,8.59,7.49,lb,1713931200000,1714508242764
1236,648,4,10.99,1.1,100g,1713931200000,1714508242768
1237,649,4,12.99,1.83,100g,1713931200000,1714508242774
1238,650,4,12.32,3.99,lb,1713931200000,1714508242779
1239,650,4,11.44,3.99,lb,1713931200000,1714508242782
1240,651,4,5.29,6.49,lb,1713931200000,1714508242785
1241,652,4,11.99,3.53,100g,1713931200000,1714508242789
1242,653,4,4.99,1.11,100g,1713931200000,1714508242792
1243,654,4,3.88,0.86,100g,1713931200000,1714508242796
1244,655,4,8.85,11.99,lb,1713931200000,1714508242799
1245,656,4,15.84,4.49,lb,1713931200000,1714508242802
1246,657,4,5.99,1.6,100g,1713931200000,1714508242806
1247,658,4,9.99,1.67,100g,1713931200000,1714508242813
1248,659,4,6.99,1.86,100g,1713931200000,1714508242819
1249,660,4,12.99,1.87,100g,1713931200000,1714508242823
1250,661,4,6.99,1.86,100g,1713931200000,1714508242826
1251,662,4,6.88,1.12,100g,1713931200000,1714508242829
1252,663,4,6.88,1.12,100g,1713931200000,1714508242832
1253,664,4,6.88,1.12,100g,1713931200000,1714508242835
1254,665,4,12.4,3.88,lb,1713931200000,1714508242838
1255,666,4,20.48,9.99,lb,1713931200000,1714508242843
1256,667,4,19.26,6.99,lb,1713931200000,1714508251701
1257,668,4,17.03,4.29,lb,1713931200000,1714508251709
1258,669,4,6.88,2.29,100g,1713931200000,1714508251713
1259,670,4,7.92,4.49,lb,1713931200000,1714508251735
1260,671,4,3.49,1.54,100g,1713931200000,1714508268626
1261,672,4,3.49,1.54,100g,1713931200000,1714508268631
1262,673,4,3.49,1.54,100g,1713931200000,1714508268635
1263,674,4,3.49,1.54,100g,1713931200000,1714508268640
1264,675,4,3.49,1.54,100g,1713931200000,1714508268646
1265,676,4,3.49,1.54,100g,1713931200000,1714508268652
1266,677,4,3.49,1.54,100g,1713931200000,1714508268658
1267,678,4,3.49,1.54,100g,1713931200000,1714508268662
1268,679,4,5.99,2.4,100g,1713931200000,1714508268666
1269,680,4,6.49,4.33,100g,1713931200000,1714508268671
1270,681,4,3.49,1.54,100g,1713931200000,1714508268676
1271,682,4,9.99,2.66,100g,1713931200000,1714508268680
1272,465,4,5.99,1.6,100g,1713931200000,1714508268684
1273,683,4,9.99,2.5,100g,1713931200000,1714508268697
1274,684,4,6.49,2.6,100g,1713931200000,1714508268702
1275,685,4,9.99,2.5,100g,1713931200000,1714508268707
1276,686,4,9.99,2.5,100g,1713931200000,1714508268711
1277,687,4,3.49,1.54,100g,1713931200000,1714508268718
1278,688,4,5.99,1.6,100g,1713931200000,1714508268726
1279,689,4,9.99,2.5,100g,1713931200000,1714508268734
1280,690,4,6.49,2.16,100g,1713931200000,1714508268741
1281,691,4,6.88,1.38,100g,1713931200000,1714508268747
1282,692,4,6.49,2.16,100g,1713931200000,1714508268753
1283,693,4,7.99,3.2,100g,1713931200000,1714508268758
1284,694,4,7.99,3.2,100g,1713931200000,1714508268763
1285,695,4,5.99,2.4,100g,1713931200000,1714508278002
1286,696,4,3.49,1.54,100g,1713931200000,1714508278006
1287,697,4,9.99,2.5,100g,1713931200000,1714508278011
1288,698,4,2.29,1.02,100g,1713931200000,1714508278016
1289,699,4,2.29,1.02,100g,1713931200000,1714508278021
1290,700,4,2.29,1.02,100g,1713931200000,1714508278027
1291,701,4,9.99,2.5,100g,1713931200000,1714508278031
1292,702,4,2.29,1.02,100g,1713931200000,1714508278035
1293,703,4,2.29,1.02,100g,1713931200000,1714508278038
1294,704,4,6.88,2.29,100g,1713931200000,1714508278042
1295,398,4,5.99,2,100g,1713931200000,1714508278047
1296,705,4,6.88,1.13,100g,1713931200000,1714508278051
1297,706,4,2.29,1.02,100g,1713931200000,1714508278054
1298,231,4,6.88,1.83,100g,1713931200000,1714508278058
1299,707,4,6.88,2.29,100g,1713931200000,1714508278061
1300,708,4,6.88,2.29,100g,1713931200000,1714508278068
1301,709,4,3.49,1.75,100g,1713931200000,1714508278072
1302,710,4,6.49,2.16,100g,1713931200000,1714508278079
1303,711,4,3.49,1.54,100g,1713931200000,1714508278082
1304,712,4,5.99,3.42,100g,1713931200000,1714508278087
1305,713,4,6.49,4.33,100g,1713931200000,1714508278094
1306,714,4,3.49,1.54,100g,1713931200000,1714508278101
1307,715,4,6.88,2.29,100g,1713931200000,1714508278105
1308,716,4,6.49,4.33,100g,1713931200000,1714508278109
1309,717,4,6.49,2.16,100g,1713931200000,1714508278113
1310,718,4,6.88,1.38,100g,1713931200000,1714508284652
1311,669,4,6.88,2.29,100g,1713931200000,1714508284656
1312,719,4,7.49,2.2,100g,1713931200000,1714508298868
1313,720,4,7.49,2.2,100g,1713931200000,1714508298875
1314,721,4,7.99,6.15,100g,1713931200000,1714508298882
1315,722,4,3.49,0.87,100g,1713931200000,1714508298887
1316,723,4,17.42,9.88,lb,1713931200000,1714508298893
1317,527,4,4.88,1.07,100g,1713931200000,1714508315803
1318,724,4,4.88,0.12,100ml,1713931200000,1714508315807
1319,517,4,4.88,1.07,100g,1713931200000,1714508315812
1320,725,4,4.88,0.12,100ml,1713931200000,1714508315818
1321,726,4,5.99,0.37,100g,1713931200000,1714508315823
1322,727,4,4.88,0.24,100ml,1713931200000,1714508315830
1323,728,4,3.49,0.63,100ml,1713931200000,1714508315835
1324,729,4,5.99,0.37,100g,1713931200000,1714508315840
1325,674,4,3.49,1.54,100g,1713931200000,1714508315844
1326,676,4,3.49,1.54,100g,1713931200000,1714508315851
1327,730,4,4.88,0.24,100ml,1713931200000,1714508315857
1328,731,4,4.49,0.37,100g,1713931200000,1714508315863
1329,732,4,5.99,0.37,100g,1713931200000,1714508315870
1330,733,4,5.99,0.37,100g,1713931200000,1714508315877
1331,734,4,3.49,0.63,100ml,1713931200000,1714508315884
1332,735,4,3.49,0.63,100ml,1713931200000,1714508315891
1333,736,4,4.49,0.37,100g,1713931200000,1714508315898
1334,681,4,3.49,1.54,100g,1713931200000,1714508315905
1335,737,4,3.49,0.63,100ml,1713931200000,1714508315911
1336,738,4,4.88,0.12,100ml,1713931200000,1714508315919
1337,739,4,4.88,0.24,100ml,1713931200000,1714508315926
1338,740,4,4.49,0.37,100g,1713931200000,1714508315933
1339,741,4,4.99,2.5,100g,1713931200000,1714508315940
1340,742,4,4.88,0.24,100ml,1713931200000,1714508315947
1341,743,4,4.99,0.59,100g,1713931200000,1714508315954
1342,744,4,3.88,3.01,100g,1713931200000,1714508322956
1343,745,4,4.88,0.33,100ml,1713931200000,1714508322960
1344,746,4,3.88,3.01,100g,1713931200000,1714508322965
1345,747,4,5.99,0.37,100g,1713931200000,1714508322971
1346,748,4,3.49,3.75,100ml,1713931200000,1714508322975
1347,749,4,3.49,1.54,100g,1713931200000,1714508322983
1348,750,4,4.99,0.67,100g,1713931200000,1714508322994
1349,751,4,4.99,0.67,100g,1713931200000,1714508323003
1350,752,4,4.88,0.33,100ml,1713931200000,1714508323011
1351,753,4,4.88,0.33,100ml,1713931200000,1714508323018
1352,754,4,4.99,0.67,100g,1713931200000,1714508323026
1353,755,4,5.99,5.99,100g,1713931200000,1714508323030
1354,756,4,4.88,0.33,100ml,1713931200000,1714508323033
1355,757,4,3.88,1.76,100g,1713931200000,1714508323039
1356,149,4,3.88,1.62,100g,1713931200000,1714508323046
1357,758,4,3.88,1.76,100g,1713931200000,1714508323053
1358,112,4,3.88,1.62,100g,1713931200000,1714508323059
1359,759,4,3.88,1.76,100g,1713931200000,1714508323066
1360,760,4,3.88,1.76,100g,1713931200000,1714508323073
1361,761,4,4.99,0.77,100g,1713931200000,1714508323081
1362,762,4,23.13,10.49,lb,1713931200000,1714508323088
1363,763,4,4.99,2.5,100g,1713931200000,1714508323095
1364,764,4,4.49,0.37,100g,1713931200000,1714508323101
1365,765,4,3.88,0.22,100ml,1713931200000,1714508338917
1366,328,4,3.88,0.22,100ml,1713931200000,1714508338924
1367,766,4,3.88,0.22,100ml,1713931200000,1714508338928
1368,767,4,3.88,0.25,100ml,1713931200000,1714508338932
1369,768,4,3.88,0.25,100ml,1713931200000,1714508338936
1370,769,4,3.88,0.25,100ml,1713931200000,1714508338943
1371,190,4,3.88,0.25,100ml,1713931200000,1714508338951
1372,770,4,3.88,0.25,100ml,1713931200000,1714508338959
1373,771,4,3.88,0.25,100ml,1713931200000,1714508338967
1374,772,4,3.88,0.25,100ml,1713931200000,1714508338976
1375,773,4,3.88,0.25,100ml,1713931200000,1714508338986
1376,774,4,6.99,0.87,un,1713931200000,1714508351050
1377,775,4,5.99,0.07,un,1713931200000,1714508351053
1378,776,4,6.99,1.75,un,1713931200000,1714508351057
1379,777,4,5.99,0.07,un,1713931200000,1714508351060
1380,778,4,5.99,0.17,un,1713931200000,1714508351063
1381,779,3,4.99,1.58,100g,1714536000000,1714848500321
1382,780,3,3.99,2,100g,1714536000000,1714848500328
1383,781,3,4.99,1.56,100g,1714536000000,1714848500332
1384,481,3,0.22,4.39,1kg,1714536000000,1714848500337
1385,482,3,3.99,0.36,1ea,1714536000000,1714848500341
1386,782,3,4.99,1.39,100g,1714536000000,1714848500346
1387,8,3,3.99,0.29,100g,1714536000000,1714848500351
1388,372,3,0.66,2.99,1lb,1714536000000,1714848500355
1389,783,3,3.49,0.51,100g,1714536000000,1714848500358
1390,17,3,3.12,1.99,1lb,1714536000000,1714848500363
1391,784,3,1.29,1.29,1ea,1714536000000,1714848500375
1392,785,3,4.99,1.5,100g,1714536000000,1714848500385
1393,786,3,4.99,1.52,100g,1714536000000,1714848500390
1394,787,3,4.99,1.56,100g,1714536000000,1714848500395
1395,788,3,3.99,1.77,100g,1714536000000,1714848500400
1396,789,3,2.99,2.99,1ea,1714536000000,1714848500414
1397,216,3,1.29,1.29,1ea,1714536000000,1714848500420
1398,377,3,4.99,0.73,100g,1714536000000,1714848500426
1399,790,3,1.29,1.29,1ea,1714536000000,1714848500433
1400,791,3,3.99,1.77,100g,1714536000000,1714848500439
1401,792,3,4.99,1.49,100g,1714536000000,1714848500444
1402,30,3,2.99,2.99,1ea,1714536000000,1714848500470
1403,793,3,3.49,0.51,100g,1714536000000,1714848500478
1404,794,3,4.99,1.58,100g,1714536000000,1714848500486
1405,795,3,3.99,2,100g,1714536000000,1714848500494
1406,796,3,4.99,1.3,100g,1714536000000,1714848500504
1407,797,3,3.49,0.51,100g,1714536000000,1714848500511
1408,798,3,5.99,1.76,100g,1714536000000,1714848519390
1409,42,3,10.99,1.08,100g,1714536000000,1714848519397
1410,799,3,6.99,1.4,100g,1714536000000,1714848519406
1411,800,3,10.99,1.83,100g,1714536000000,1714848519413
1412,801,3,5.99,2,100g,1714536000000,1714848519423
1413,45,3,10.99,0.97,100g,1714536000000,1714848519431
1414,44,3,10.99,1.08,100g,1714536000000,1714848519442
1415,802,3,6.99,1.4,100g,1714536000000,1714848519452
1416,803,3,6.99,1.4,100g,1714536000000,1714848519462
1417,804,3,5.99,1.2,100g,1714536000000,1714848519472
1418,52,3,10.99,0.97,100g,1714536000000,1714848519482
1419,51,3,10.99,0.81,100g,1714536000000,1714848519493
1420,805,3,5.99,1.6,100g,1714536000000,1714848519503
1421,59,3,10.99,1.93,100g,1714536000000,1714848519515
1422,806,3,5.99,1.5,100g,1714536000000,1714848519526
1423,58,3,10.99,0.97,100g,1714536000000,1714848519536
1424,238,3,5.99,1.2,100g,1714536000000,1714848519548
1425,67,3,10.99,1.93,100g,1714536000000,1714848519560
1426,807,3,10.99,1.83,100g,1714536000000,1714848519571
1427,808,3,9.91,8.99,1lb,1714536000000,1714848519579
1428,68,3,10.99,1.08,100g,1714536000000,1714848519588
1429,66,3,10.99,0.97,100g,1714536000000,1714848519595
1430,798,3,5.99,1.76,100g,1714536000000,1714848535788
1431,262,3,2.29,2.54,100g,1714536000000,1714848535795
1432,809,3,1.44,0.48,100g,1714536000000,1714848535802
1433,810,3,4.99,2.94,100g,1714536000000,1714848535808
1434,811,3,1.77,0.89,100g,1714536000000,1714848535816
1435,812,3,1.77,0.89,100g,1714536000000,1714848535823
1436,265,3,1.99,0.44,100g,1714536000000,1714848535830
1437,801,3,5.99,2,100g,1714536000000,1714848535836
1438,813,3,4.99,3.99,100g,1714536000000,1714848535843
1439,814,3,4.99,2.5,100g,1714536000000,1714848535848
1440,266,3,1.99,0.44,100g,1714536000000,1714848535856
1441,815,3,1.77,0.79,100g,1714536000000,1714848535863
1442,816,3,4.99,2.94,100g,1714536000000,1714848535870
1443,273,3,1.99,0.44,100g,1714536000000,1714848535876
1444,809,3,1.44,0.48,100g,1714536000000,1714848535883
1445,817,3,4.99,2.5,100g,1714536000000,1714848535890
1446,268,3,1.99,0.44,100g,1714536000000,1714848535896
1447,818,3,1.77,0.89,100g,1714536000000,1714848535908
1448,278,3,2.29,2.54,100g,1714536000000,1714848535916
1449,279,3,2.29,2.29,100g,1714536000000,1714848535924
1450,819,3,4.99,2.5,100g,1714536000000,1714848535931
1451,820,3,1.44,0.48,100g,1714536000000,1714848535937
1452,809,3,1.44,0.48,100g,1714536000000,1714848535945
1453,821,3,4.99,2.63,100g,1714536000000,1714848535951
1454,806,3,5.99,1.5,100g,1714536000000,1714848535957
1455,276,3,2.29,2.29,100g,1714536000000,1714848535963
1456,822,3,1.77,0.89,100g,1714536000000,1714848535969
1457,823,3,1.77,1.77,100g,1714536000000,1714848535978
1458,282,3,2.29,2.29,100g,1714536000000,1714848535987
1459,824,3,4.99,2.94,100g,1714536000000,1714848535995
1460,817,3,4.99,2.5,100g,1714536000000,1714848536002
1461,809,3,1.44,0.48,100g,1714536000000,1714848536013
1462,470,3,5.49,1.1,100g,1714536000000,1714848555008
1463,825,3,4.99,1.78,100g,1714536000000,1714848555015
1464,404,3,5.49,1.22,100g,1714536000000,1714848555021
1465,826,3,4.99,1.78,100g,1714536000000,1714848555024
1466,827,3,3.99,1.33,100ml,1714536000000,1714848555029
1467,405,3,4.99,1.78,100g,1714536000000,1714848555034
1468,828,3,5.49,1.22,100g,1714536000000,1714848555048
1469,829,3,5.49,1.22,100g,1714536000000,1714848555054
1470,827,3,3.99,1.33,100ml,1714536000000,1714848555059
1471,405,3,4.99,1.66,100g,1714536000000,1714848555063
1472,216,4,0.88,0.88,un,1714536000000,1714848557892
1473,830,4,1.5,0.88,lb,1714536000000,1714848557900
1474,831,4,9.88,1.32,100g,1714536000000,1714848557906
1475,560,4,8.77,3.98,lb,1714536000000,1714848557913
1476,561,4,2.98,1.99,100g,1714536000000,1714848557918
1477,565,4,2.88,2.88,un,1714536000000,1714848557922
1478,210,4,0.85,1.28,lb,1714536000000,1714848557927
1479,217,4,1.01,1.88,lb,1714536000000,1714848557933
1480,567,4,1.98,0.87,100g,1714536000000,1714848557940
1481,568,4,2.88,0.63,100g,1714536000000,1714848557947
1482,570,4,1.88,1.11,100g,1714536000000,1714848557952
1483,832,4,1.68,0.42,100g,1714536000000,1714848557958
1484,571,4,3.98,0.18,100g,1714536000000,1714848557965
1485,572,4,3.98,0.18,100g,1714536000000,1714848557972
1486,573,4,3.88,0.85,100g,1714536000000,1714848557979
1487,574,4,4.98,0.44,100g,1714536000000,1714848557985
1488,833,4,0.57,1.15,lb,1714536000000,1714848557994
1489,578,4,3.88,0.85,100g,1714536000000,1714848557999
1490,834,4,3.88,3.88,un,1714536000000,1714848558006
1491,580,4,1.98,1.98,un,1714536000000,1714848558017
1492,375,4,3,1.5,un,1714536000000,1714848558023
1493,582,4,3.98,0.44,100g,1714536000000,1714848558028
1494,835,4,0.66,2.98,lb,1714536000000,1714848558034
1495,836,4,0.85,1.28,lb,1714536000000,1714848558042
1496,837,4,5,1.67,un,1714536000000,1714848558052
1497,208,4,1.68,0.07,100g,1714536000000,1714848567478
1498,583,4,4.98,0.37,100g,1714536000000,1714848567481
1499,584,4,1.98,0.7,100g,1714536000000,1714848567483
1500,585,4,3.98,0.44,100g,1714536000000,1714848567486
1501,586,4,4.98,0.55,100g,1714536000000,1714848567488
1502,587,4,5.22,1.48,lb,1714536000000,1714848567491
1503,588,4,4.98,0.55,100g,1714536000000,1714848567493
1504,838,4,4.98,0.44,100g,1714536000000,1714848567495
1505,591,4,1.98,0.7,100g,1714536000000,1714848567497
1506,839,4,4.77,1.4,100g,1714536000000,1714848567499
1507,840,4,3.77,2.65,100g,1714536000000,1714848567501
1508,841,4,3.77,2.65,100g,1714536000000,1714848567503
1509,842,4,3.77,2.65,100g,1714536000000,1714848567505
1510,606,4,5,1,100g,1714536000000,1714848567507
1511,600,4,4.98,0.37,100g,1714536000000,1714848567509
1512,606,4,5,1,100g,1714536000000,1714848567511
1513,592,4,3.98,0.44,100g,1714536000000,1714848567512
1514,599,4,3.98,1,un,1714536000000,1714848567515
1515,594,4,3.98,1,un,1714536000000,1714848567517
1516,590,4,2.88,0.63,100g,1714536000000,1714848567519
1517,604,4,3.98,0.29,100g,1714536000000,1714848567521
1518,843,4,2.07,1.88,lb,1714536000000,1714848567523
1519,595,4,4.88,0.81,un,1714536000000,1714848567525
1520,605,4,4.98,1.25,un,1714536000000,1714848567529
1521,571,4,3.98,0.18,100g,1714536000000,1714848567531
1522,286,3,5.99,1.5,100g,1714536000000,1714848567955
1523,844,3,12.99,2.86,100g,1714536000000,1714848567962
1524,292,3,5.99,1.5,100g,1714536000000,1714848567969
1525,291,3,5.99,1.5,100g,1714536000000,1714848567979
1526,289,3,5.99,1.5,100g,1714536000000,1714848567989
1527,296,3,5.99,1.5,100g,1714536000000,1714848568000
1528,294,3,5.99,1.5,100g,1714536000000,1714848568008
1529,596,4,3.88,1.14,100g,1714536000000,1714848577872
1530,598,4,3.98,0.18,100g,1714536000000,1714848577875
1531,845,4,9.88,0.99,100g,1714536000000,1714848577877
1532,609,4,3.98,0.18,100g,1714536000000,1714848577880
1533,846,4,4.98,0.37,100g,1714536000000,1714848577884
1534,610,4,4.98,0.37,100g,1714536000000,1714848577887
1535,611,4,4.88,1.22,un,1714536000000,1714848577890
1536,847,4,17.99,1.98,100g,1714536000000,1714848577895
1537,612,4,6.88,6.88,un,1714536000000,1714848577898
1538,613,4,3,1.5,un,1714536000000,1714848577902
1539,481,4,3.77,1.11,100g,1714536000000,1714848577906
1540,614,4,4.98,0.37,100g,1714536000000,1714848577911
1541,848,4,2.98,1.75,100g,1714536000000,1714848577914
1542,615,4,1.68,0.07,100g,1714536000000,1714848577917
1543,616,4,4.98,0.37,100g,1714536000000,1714848577920
1544,372,4,4.98,0.55,100g,1714536000000,1714848577923
1545,617,4,1.98,0.87,100g,1714536000000,1714848577926
1546,618,4,1.88,1.88,un,1714536000000,1714848577930
1547,849,3,4.49,2.14,100g,1714536000000,1714848585172
1548,850,3,5.77,1.72,100g,1714536000000,1714848585177
1549,851,3,4.44,1.39,100g,1714536000000,1714848585181
1550,852,3,4.49,2.14,100g,1714536000000,1714848585186
1551,853,3,4.49,2.14,100g,1714536000000,1714848585190
1552,854,3,2.49,0.38,100g,1714536000000,1714848585194
1553,855,3,2.49,0.33,100g,1714536000000,1714848585197
1554,856,3,4.49,2.14,100g,1714536000000,1714848585200
1555,857,3,2.49,0.33,100g,1714536000000,1714848585203
1556,858,3,3.99,0.89,100g,1714536000000,1714848585207
1557,859,3,5.77,1.8,100g,1714536000000,1714848585211
1558,860,3,4.99,0.59,100g,1714536000000,1714848585214
1559,113,3,1.49,0.32,100ml,1714536000000,1714848585217
1560,861,3,4.44,1.39,100g,1714536000000,1714848585220
1561,862,3,4.44,1.11,100g,1714536000000,1714848585223
1562,863,3,5.77,1.72,100g,1714536000000,1714848585226
1563,104,3,3.49,0.18,100ml,1714536000000,1714848585230
1564,864,3,3.99,0.97,100g,1714536000000,1714848585234
1565,865,3,5.77,2.29,100g,1714536000000,1714848585239
1566,866,3,4.44,1.11,100g,1714536000000,1714848585243
1567,867,3,4.44,1.11,100g,1714536000000,1714848585247
1568,868,3,2.99,0.63,100ml,1714536000000,1714848585254
1569,869,3,3.49,0.7,100g,1714536000000,1714848585259
1570,129,3,6.49,1.3,100g,1714536000000,1714848585264
1571,870,3,5.49,0.84,100g,1714536000000,1714848585270
1572,871,3,5.49,0.84,100g,1714536000000,1714848585277
1573,872,3,5.49,0.73,100g,1714536000000,1714848585283
1574,873,3,5.49,0.73,100g,1714536000000,1714848585290
1575,471,3,5.77,1.8,100g,1714536000000,1714848585296
1576,871,3,5.49,0.84,100g,1714536000000,1714848585303
1577,874,3,4.44,1.39,100g,1714536000000,1714848585310
1578,875,3,5.29,0.26,100ml,1714536000000,1714848585320
1579,133,3,6.49,1.3,100g,1714536000000,1714848585331
1580,412,3,5.77,2.29,100g,1714536000000,1714848585336
1581,876,3,2.49,0.38,100g,1714536000000,1714848585341
1582,877,3,2.49,0.33,100g,1714536000000,1714848585346
1583,878,3,3.49,0.77,100g,1714536000000,1714848585352
1584,879,3,2.99,0.63,100ml,1714536000000,1714848585356
1585,880,3,2.49,0.4,100g,1714536000000,1714848585365
1586,880,3,2.49,0.4,100g,1714536000000,1714848585374
1587,880,3,2.49,0.4,100g,1714536000000,1714848585382
1588,881,3,4.44,1.39,100g,1714536000000,1714848585388
1589,882,3,4.44,1.39,100g,1714536000000,1714848585396
1590,883,3,3.99,0.97,100g,1714536000000,1714848585405
1591,413,3,5.77,1.8,100g,1714536000000,1714848585410
1592,870,3,5.49,0.84,100g,1714536000000,1714848585416
1593,872,3,5.49,0.73,100g,1714536000000,1714848585425
1594,870,3,5.49,0.84,100g,1714536000000,1714848585433
1595,870,3,5.49,0.84,100g,1714536000000,1714848596692
1596,415,3,5.77,3.05,100g,1714536000000,1714848596696
1597,869,3,3.49,0.7,100g,1714536000000,1714848596699
1598,905,3,4.44,1.39,100g,1714536000000,1714848596703
1599,906,3,4.44,1.39,100g,1714536000000,1714848596708
1600,907,3,2.49,0.33,100g,1714536000000,1714848596713
1601,908,3,5.77,2.29,100g,1714536000000,1714848596719
1602,871,3,5.49,0.84,100g,1714536000000,1714848596725
1603,140,3,1.49,0.32,100ml,1714536000000,1714848596733
1604,873,3,5.49,0.73,100g,1714536000000,1714848596738
1605,870,3,5.49,0.73,100g,1714536000000,1714848596742
1606,104,3,3.49,0.18,100ml,1714536000000,1714848596748
1607,909,3,2.49,0.33,100g,1714536000000,1714848596756
1608,910,3,4.44,1.39,100g,1714536000000,1714848596762
1609,142,3,4.44,1.11,100g,1714536000000,1714848596771
1610,104,3,3.49,0.18,100ml,1714536000000,1714848596778
1611,911,3,4.99,0.28,1ea,1714536000000,1714848596787
1612,912,3,4.44,1.39,100g,1714536000000,1714848596791
1613,913,3,4.44,1.11,100g,1714536000000,1714848596800
1614,914,3,2.49,0.33,100g,1714536000000,1714848596810
1615,869,3,3.49,0.7,100g,1714536000000,1714848596819
1616,129,3,6.49,1.3,100g,1714536000000,1714848596826
1617,915,3,4.49,2.14,100g,1714536000000,1714848596835
1618,916,3,2.99,0.3,100ml,1714536000000,1714848596845
1619,917,3,2.49,0.38,100g,1714536000000,1714848596851
1620,918,3,3.99,0.97,100g,1714536000000,1714848596856
1621,869,3,3.49,0.7,100g,1714536000000,1714848596861
1622,919,3,4.44,1.11,100g,1714536000000,1714848596866
1623,920,3,2.99,0.3,100ml,1714536000000,1714848596871
1624,71,3,4.44,1.11,100g,1714536000000,1714848596875
1625,921,3,4.44,1.11,100g,1714536000000,1714848596879
1626,872,3,5.49,0.73,100g,1714536000000,1714848596884
1627,922,3,4.44,1.11,100g,1714536000000,1714848596889
1628,418,3,5.77,1.72,100g,1714536000000,1714848596894
1629,621,4,4.99,1,100g,1714536000000,1714848603624
1630,923,4,13.2,3.99,lb,1714536000000,1714848603629
1631,924,4,13.2,3.99,lb,1714536000000,1714848603633
1632,925,4,9.69,10.99,lb,1714536000000,1714848603637
1633,57,4,4.16,4.49,lb,1714536000000,1714848603640
1634,926,4,7.87,5.49,lb,1714536000000,1714848603645
1635,927,4,10.99,1.67,100g,1714536000000,1714848603650
1636,928,4,13.99,2.01,100g,1714536000000,1714848603654
1637,929,4,6.83,9.99,lb,1714536000000,1714848603659
1638,930,4,22.02,9.99,lb,1714536000000,1714848603663
1639,931,4,20.49,10.49,lb,1714536000000,1714848603668
1640,932,4,12.54,12.99,lb,1714536000000,1714848603674
1641,933,4,13.38,3.79,lb,1714536000000,1714848603679
1642,622,4,4.99,1,100g,1714536000000,1714848603684
1643,934,4,5.28,5.99,lb,1714536000000,1714848603702
1644,159,3,5.99,0.07,1ea,1714536000000,1714848615848
1645,935,3,3.99,0.21,100ml,1714536000000,1714848615857
1646,936,3,3.99,0.21,100ml,1714536000000,1714848615865
1647,937,3,1.25,0.13,100ml,1714536000000,1714848615873
1648,551,3,1.25,0.13,100ml,1714536000000,1714848615881
1649,938,3,1.25,0.13,100ml,1714536000000,1714848615889
1650,539,3,3.99,0.21,100ml,1714536000000,1714848615897
1651,104,3,3.49,0.18,100ml,1714536000000,1714848615905
1652,160,3,11.49,0.13,100ml,1714536000000,1714848615911
1653,171,3,11.49,0.13,100ml,1714536000000,1714848615917
1654,939,3,2.29,0.13,100ml,1714536000000,1714848615925
1655,940,3,3.99,0.21,100ml,1714536000000,1714848615934
1656,941,3,3.99,0.21,100ml,1714536000000,1714848615940
1657,942,3,3.99,0.21,100ml,1714536000000,1714848615951
1658,320,3,5.99,1.11,100g,1714536000000,1714848615959
1659,943,3,2,0.8,100ml,1714536000000,1714848615966
1660,944,3,2,0.8,100ml,1714536000000,1714848615971
1661,167,3,5.99,0.07,1ea,1714536000000,1714848615977
1662,329,3,5.99,0.5,1ea,1714536000000,1714848615983
1663,322,3,5.99,0.5,1ea,1714536000000,1714848615989
1664,334,3,5.99,0.5,1ea,1714536000000,1714848615995
1665,553,3,1.25,0.13,100ml,1714536000000,1714848616002
1666,945,3,1.25,0.13,100ml,1714536000000,1714848616011
1667,180,3,5.99,0.07,1ea,1714536000000,1714848616018
1668,946,3,1.25,0.13,100ml,1714536000000,1714848616024
1669,947,3,3.99,0.21,100ml,1714536000000,1714848616030
1670,948,3,1.25,0.13,100ml,1714536000000,1714848616036
1671,328,3,3.99,0.21,100ml,1714536000000,1714848616044
1672,949,3,3.99,0.21,100ml,1714536000000,1714848616051
1673,950,3,3.99,0.21,100ml,1714536000000,1714848616056
1674,951,3,2,0.8,100ml,1714536000000,1714848616061
1675,952,3,2.29,0.13,100ml,1714536000000,1714848616067
1676,953,3,2.29,0.13,100ml,1714536000000,1714848616074
1677,954,3,2.29,0.13,100ml,1714536000000,1714848616082
1678,192,3,5.99,0.07,1ea,1714536000000,1714848616087
1679,955,3,3.99,0.23,100ml,1714536000000,1714848616092
1680,184,3,5.99,0.04,1ea,1714536000000,1714848616108
1681,956,3,3.99,0.21,100ml,1714536000000,1714848616114
1682,957,3,3.99,0.21,100ml,1714536000000,1714848616119
1683,958,3,3.99,0.21,100ml,1714536000000,1714848616125
1684,104,3,3.49,0.18,100ml,1714536000000,1714848616130
1685,104,3,3.49,0.18,100ml,1714536000000,1714848616135
1686,191,3,11.49,0.13,100ml,1714536000000,1714848616140
1687,959,3,1.25,0.13,100ml,1714536000000,1714848616143
1688,960,3,1.25,0.13,100ml,1714536000000,1714848616148
1689,961,3,2.29,0.13,100ml,1714536000000,1714848616153
1690,165,3,11.49,0.13,100ml,1714536000000,1714848616159
1691,962,3,2,0.8,100ml,1714536000000,1714848616165
1692,93,4,3.99,0.5,100g,1714536000000,1714848621009
1693,963,4,13.99,2,100g,1714536000000,1714848621014
1694,964,4,3.99,0.5,100g,1714536000000,1714848621018
1695,965,4,3.99,0.5,100g,1714536000000,1714848621025
1696,966,4,7.99,2.66,100g,1714536000000,1714848621030
1697,967,4,2.5,3.33,100g,1714536000000,1714848621034
1698,968,4,2.5,3.33,100g,1714536000000,1714848621040
1699,969,4,2.5,3.33,100g,1714536000000,1714848621045
1700,970,4,2.5,2.78,100g,1714536000000,1714848621050
1701,971,4,2.5,3.09,100g,1714536000000,1714848621056
1702,972,4,2.5,3.09,100g,1714536000000,1714848621061
1703,839,4,4.77,1.4,100g,1714536000000,1714848621066
1704,973,4,2.5,2.08,100g,1714536000000,1714848621072
1705,974,4,2.5,2.08,100g,1714536000000,1714848621078
1706,975,4,2.5,3.33,100g,1714536000000,1714848621084
1707,674,4,3.49,1.54,100g,1714536000000,1714848621092
1708,676,4,3.49,1.75,100g,1714536000000,1714848621097
1709,673,4,3.49,1.54,100g,1714536000000,1714848621103
1710,976,4,2.5,3.33,100g,1714536000000,1714848621109
1711,672,4,3.49,1.54,100g,1714536000000,1714848621115
1712,977,4,7.99,4,100g,1714536000000,1714848621120
1713,978,4,7.99,4,100g,1714536000000,1714848621126
1714,388,4,7.99,2.13,100g,1714536000000,1714848621130
1715,979,4,3.49,1.54,100g,1714536000000,1714848621136
1716,980,4,3.49,1.54,100g,1714536000000,1714848621140
1717,981,3,2.29,0.13,100ml,1714536000000,1714848625571
1718,982,3,1.25,0.13,100ml,1714536000000,1714848625575
1719,955,3,3.99,0.23,100ml,1714536000000,1714848625584
1720,199,3,11.49,0.13,100ml,1714536000000,1714848625590
1721,328,3,3.99,0.21,100ml,1714536000000,1714848625594
1722,983,3,3.99,0.21,100ml,1714536000000,1714848625599
1723,984,3,1.25,0.13,100ml,1714536000000,1714848625604
1724,955,3,3.99,0.23,100ml,1714536000000,1714848625609
1725,985,3,2,0.8,100ml,1714536000000,1714848625615
1726,986,4,2.5,2.78,100g,1714536000000,1714848627922
1727,987,4,2.5,2.78,100g,1714536000000,1714848627926
1728,988,4,2.5,2.78,100g,1714536000000,1714848627929
1729,989,4,2.5,2.78,100g,1714536000000,1714848627931
1730,990,4,2.5,2.45,100g,1714536000000,1714848627934
1731,991,3,13.99,0.47,1ea,1714536000000,1714848640793
1732,351,3,10.99,0.11,1ea,1714536000000,1714848640797
1733,992,3,8.99,0.2,100ml,1714536000000,1714848640802
1734,352,3,2,0.34,100ml,1714536000000,1714848640806
1735,993,3,8.99,0.2,100ml,1714536000000,1714848640810
1736,353,3,10.99,0.55,1ea,1714536000000,1714848640814
1737,994,3,8.99,0.04,1ea,1714536000000,1714848640818
1738,352,3,2,0.34,100ml,1714536000000,1714848640828
1739,993,3,8.99,0.2,100ml,1714536000000,1714848640837
1740,995,3,20.99,0.54,100ml,1714536000000,1714848640842
1741,996,3,13.99,0.29,1ea,1714536000000,1714848640846
1742,997,3,13.99,0.36,1ea,1714536000000,1714848640851
1743,355,3,10.99,0.27,1ea,1714536000000,1714848640856
1744,998,3,8.99,0.26,100ml,1714536000000,1714848640860
1745,999,3,20.99,0.54,100ml,1714536000000,1714848640863
1746,362,3,2,0.34,100ml,1714536000000,1714848640870
1747,361,3,2,0.24,100ml,1714536000000,1714848640875
1748,1000,3,8.99,0.22,100ml,1714536000000,1714848640880
1749,1001,3,20.99,0.54,100ml,1714536000000,1714848640885
1750,1002,3,8.99,0.22,100ml,1714536000000,1714848640890
1751,368,3,2,0.34,100ml,1714536000000,1714848640897
1752,361,3,2,0.24,100ml,1714536000000,1714848640902
1753,365,3,10.99,0.37,1ea,1714536000000,1714848640906
1754,367,3,10.99,0.37,1ea,1714536000000,1714848640915
1755,369,3,10.99,0.37,1ea,1714536000000,1714848640923
1756,366,3,10.99,0.46,1ea,1714536000000,1714848640930
1757,719,4,7.49,2.2,100g,1714536000000,1714848642451
1758,1003,4,5.98,2.63,100g,1714536000000,1714848642455
1759,1004,4,5.98,2.63,100g,1714536000000,1714848642460
1760,1005,4,5.98,2.63,100g,1714536000000,1714848642464
1761,1006,4,5.98,1.2,100g,1714536000000,1714848642469
1762,1007,4,6.99,2.06,100g,1714536000000,1714848642475
1763,1008,4,5.98,0.85,100g,1714536000000,1714848642480
1764,1009,4,5.98,1.2,100g,1714536000000,1714848642486
1765,1010,4,5.98,0.85,100g,1714536000000,1714848642491
1766,1011,4,5.98,1.16,100g,1714536000000,1714848642496
1767,1012,4,5.98,1.2,100g,1714536000000,1714848642502
1768,1013,4,5.98,1.2,100g,1714536000000,1714848642507
1769,1014,4,10.99,1.37,100g,1714536000000,1714848642513
1770,1015,4,14.87,8.99,lb,1714536000000,1714848642518
1771,1016,4,5.98,1.71,100g,1714536000000,1714848642524
1772,1017,4,5.98,1.71,100g,1714536000000,1714848642531
1773,1018,4,5.98,0.85,100g,1714536000000,1714848642541
1774,1019,4,5.98,0.85,100g,1714536000000,1714848642546
1775,1020,4,5.98,1.09,100g,1714536000000,1714848642551
1776,724,4,3.99,0.2,100ml,1714536000000,1714848658905
1777,1021,4,3.99,1.76,100g,1714536000000,1714848658910
1778,1022,4,3.99,1.6,100g,1714536000000,1714848658914
1779,725,4,3.99,0.2,100ml,1714536000000,1714848658919
1780,1023,4,3.99,0.2,100ml,1714536000000,1714848658923
1781,1024,4,3.99,0.2,100ml,1714536000000,1714848658927
1782,858,4,3.99,0.89,100g,1714536000000,1714848658932
1783,1025,4,3.99,1.76,100g,1714536000000,1714848658936
1784,135,4,3.99,1.76,100g,1714536000000,1714848658943
1785,1026,4,3.99,1.76,100g,1714536000000,1714848658947
1786,1027,4,3.99,1.76,100g,1714536000000,1714848658951
1787,1028,4,5.99,1.78,100g,1714536000000,1714848658958
1788,1029,4,3.99,0.2,100ml,1714536000000,1714848658962
1789,1030,4,5.99,1.5,100g,1714536000000,1714848658967
1790,1031,4,3.99,1.6,100g,1714536000000,1714848658971
1791,1032,4,5.99,1.5,100g,1714536000000,1714848658976
1792,1033,4,5.49,2.75,100g,1714536000000,1714848658981
1793,1034,4,3.99,1.76,100g,1714536000000,1714848658985
1794,1035,4,5.49,1.16,100g,1714536000000,1714848658992
1795,1036,4,5.99,1.78,100g,1714536000000,1714848658997
1796,1037,4,3.99,1.76,100g,1714536000000,1714848659003
1797,814,4,5.49,2.75,100g,1714536000000,1714848659008
1798,512,4,5.99,1.5,100g,1714536000000,1714848659015
1799,1038,4,3.99,1.76,100g,1714536000000,1714848659020
1800,724,4,3.99,0.27,100ml,1714536000000,1714848659024
1801,1039,4,5.49,1.16,100g,1714536000000,1714848669907
1802,1040,4,5.49,1.16,100g,1714536000000,1714848669912
1803,1041,4,5.49,2.75,100g,1714536000000,1714848669917
1804,1042,4,3.99,1.76,100g,1714536000000,1714848669930
1805,267,4,5.99,1.5,100g,1714536000000,1714848669939
1806,518,4,5.99,1.5,100g,1714536000000,1714848669946
1807,1043,4,5.99,2.38,100g,1714536000000,1714848669951
1808,1044,4,5.99,1.5,100g,1714536000000,1714848669954
1809,1045,4,5.99,2.38,100g,1714536000000,1714848669961
1810,1046,4,5.99,2.38,100g,1714536000000,1714848669966
1811,725,4,3.99,0.27,100ml,1714536000000,1714848669970
1812,1024,4,3.99,0.27,100ml,1714536000000,1714848669974
1813,1047,4,5.99,2.38,100g,1714536000000,1714848669978
1814,1021,4,3.49,1.54,100g,1714536000000,1714848669983
1815,1048,4,3.99,0.97,100g,1714536000000,1714848669987
1816,1049,4,5.99,1.5,100g,1714536000000,1714848669993
1817,1050,4,5.99,1.78,100g,1714536000000,1714848669998
1818,1051,4,5.99,1.87,100g,1714536000000,1714848670003
1819,142,4,5.99,1.5,100g,1714536000000,1714848670007
1820,1052,4,5.49,1.61,100g,1714536000000,1714848670013
1821,1053,4,5.99,1.5,100g,1714536000000,1714848670019
1822,203,4,5.99,1.5,100g,1714536000000,1714848670023
1823,1054,4,3.99,0.97,100g,1714536000000,1714848670028
1824,1055,4,5.99,1.5,100g,1714536000000,1714848670033
1825,1056,4,3.99,1.76,100g,1714536000000,1714848670044
1826,1057,4,3.99,0.97,100g,1714536000000,1714848678510
1827,1058,4,5.99,2.38,100g,1714536000000,1714848678518
1828,1059,4,3.99,1.6,100g,1714536000000,1714848678525
1829,1060,4,5.99,1.87,100g,1714536000000,1714848678533
1830,1061,4,5.99,2,100g,1714536000000,1714848678540
1831,1062,4,5.99,1.87,100g,1714536000000,1714848678547
1832,1063,4,3.49,0.87,100g,1714536000000,1714848678556
1833,761,4,3.49,0.87,100g,1714536000000,1714848678560
1834,1064,4,3.49,1.54,100g,1714536000000,1714848678567
1835,1029,4,3.99,0.27,100ml,1714536000000,1714848678575
1836,164,4,8.99,0.97,100g,1714536000000,1714848693000
1837,1065,4,2.98,0.02,100ml,1714536000000,1714848693006
1838,325,4,2.79,0.15,100ml,1714536000000,1714848693011
1839,325,4,2.99,0.19,100ml,1714536000000,1714848693016
1840,1066,4,3.99,0.25,100ml,1714536000000,1714848693021
1841,1067,4,3.99,0.25,100ml,1714536000000,1714848693026
1842,1068,4,1.99,0.1,100ml,1714536000000,1714848693031
1843,1069,4,1.99,0.1,100ml,1714536000000,1714848693038
1844,1070,4,1.99,0.1,100ml,1714536000000,1714848693044
1845,542,4,2.79,0.15,100ml,1714536000000,1714848693048
1846,324,4,2.99,0.19,100ml,1714536000000,1714848693053
1847,348,4,2.99,0.19,100ml,1714536000000,1714848693058
1848,1071,4,4.49,0.3,100ml,1714536000000,1714848693066
1849,1072,4,2.99,0.19,100ml,1714536000000,1714848693070
1850,1073,4,4.49,0.3,100ml,1714536000000,1714848693075
1851,1074,4,5.99,1.76,100g,1714536000000,1714848693083
1852,1075,4,2.99,1.5,100ml,1714536000000,1714848693088
1853,1076,4,3.99,0.25,100ml,1714536000000,1714848693092
1854,1077,4,1.99,0.1,100ml,1714536000000,1714848693100
1855,1078,4,8.99,1,100g,1714536000000,1714848693104
1856,1079,4,2.99,1.5,100ml,1714536000000,1714848693109
1857,1080,4,5.99,1.76,100g,1714536000000,1714848693115
1858,1081,4,5.99,1.76,100g,1714536000000,1714848693121
1859,1082,4,1.99,0.1,100ml,1714536000000,1714848693126
1860,1083,4,3.99,0.25,100ml,1714536000000,1714848693133
1861,1084,4,5.99,1.76,100g,1714536000000,1714848702229
1862,1085,4,5.99,0.5,un,1714536000000,1714848702230
1863,1086,4,5.99,0.5,un,1714536000000,1714848702232
1864,1087,4,1.99,0.1,100ml,1714536000000,1714848702234
1865,1088,4,5.99,0.5,un,1714536000000,1714848702236
1866,1089,4,5.99,0.5,un,1714536000000,1714848702237
1867,1090,4,5.99,0.5,un,1714536000000,1714848702239
1868,1091,4,10.98,1.83,un,1714536000000,1714848720486
1869,1092,4,10.98,0.19,100sheet,1714536000000,1714848720489
1870,1093,4,5,0.3,100ml,1714536000000,1714848720493
1871,1094,4,5,0.42,100ml,1714536000000,1714848720497
1872,1095,4,5,0.42,100ml,1714536000000,1714848720500
1873,1096,4,5,0.3,100ml,1714536000000,1714848720504
1874,1097,4,5,0.42,100ml,1714536000000,1714848720508
1875,1098,4,5,0.3,100ml,1714536000000,1714848720512
1876,1099,4,5,0.42,100ml,1714536000000,1714848720518
1877,1100,4,5,0.53,100ml,1714536000000,1714848720523
1878,1101,4,9.99,0.38,100ml,1714536000000,1714848720528
1879,1102,4,9.99,0.73,100ml,1714536000000,1714848720533
1880,1103,4,10.98,0.91,un,1714536000000,1714848720539
1881,777,4,5.99,0.07,un,1714536000000,1714848720544
1882,1104,4,9.99,0.05,un,1714536000000,1714848720547
1883,1105,4,5,0.3,100ml,1714536000000,1714848720552
1884,1106,4,9.99,0.05,un,1714536000000,1714848720556
1885,1107,4,10.98,1.83,un,1714536000000,1714848720561
1886,1108,4,10.98,0.91,un,1714536000000,1714848720569
1887,1109,4,9.99,0.38,100ml,1714536000000,1714848720575
1888,1110,4,9.99,2.64,100g,1714536000000,1714848720581
1889,1111,4,9.99,0.38,100ml,1714536000000,1714848720587
1890,1112,4,9.99,2.64,100g,1714536000000,1714848720594
1891,1113,4,9.99,0.38,100ml,1714536000000,1714848720600
1892,775,4,5.99,0.07,un,1714536000000,1714848720607
1893,1114,4,9.99,0.05,un,1714536000000,1714848727293
1894,1115,4,5,0.58,100ml,1714536000000,1714848727298
1895,1116,4,5,0.58,100ml,1714536000000,1714848727302
1896,1117,4,9.99,0.38,100ml,1714536000000,1714848727305
1897,1118,4,9.99,0.38,100ml,1714536000000,1714848727311
1898,1119,4,9.99,2.64,100g,1714536000000,1714848727315
1899,1120,4,9.99,2.64,100g,1714536000000,1714848727318
1900,1121,4,9.99,2.64,100g,1714536000000,1714848727322
1901,1122,4,9.99,2.64,100g,1714536000000,1714848727325
1902,1123,4,9.99,2.64,100g,1714536000000,1714848727329
1903,1124,4,9.99,2.64,100g,1714536000000,1714848727333
