price_id,product_id,store_id,price,size,price_per_unit,unit,start_date,end_date,created_time,updated_time
11,2,1,0.92,100 ml,1.88,LB,1711684800000,1711684800000,1712435298382,1712435561252
17,1,1,0.95,100 ml,1.88,LB,1711684800000,1711684800000,1712435537968,1712435561260
18,204,3,0.57,1lb,1.99,1lb,1711684800000,1711684800000,1712953919281,1712953919281
19,207,3,4.99,0.285 kg,1.75,100g,1711684800000,1711684800000,1712953919286,1712953919286
20,206,3,4.99,347 g,1.44,100g,1711684800000,1711684800000,1712953919290,1712953919290
21,208,3,2.44,4.54 kg,0.05,100g,1711684800000,1711684800000,1712953919293,1712953919293
22,205,3,3.99,0.312 kg,1.28,100g,1711684800000,1711684800000,1712953919297,1712953919297
23,18,3,1.58,1lb,2.99,1lb,1711684800000,1711684800000,1712953919301,1712953919371
24,14,3,0.99,1 bunch,0.99,1ea,1711684800000,1711684800000,1712953919304,1712953919304
25,210,3,1.79,1lb,1.29,1lb,1711684800000,1711684800000,1712953919308,1712953919308
26,209,3,4.99,1.81 kg,0.28,100g,1711684800000,1711684800000,1712953919312,1712953919312
27,211,3,4.99,285 g,1.75,100g,1711684800000,1711684800000,1712953919317,1712953919317
28,212,3,4.99,326 g,1.53,100g,1711684800000,1711684800000,1712953919321,1712953919321
29,17,3,3.12,1lb,1.99,1lb,1714536000000,1715140800000,1712953919324,1714848500084
30,19,3,3.99,1 ea,3.99,1ea,1711684800000,1711684800000,1712953919328,1712953919328
31,213,3,2.99,4 pack,0.75,1ea,1713931200000,1714536000000,1712953919333,1714122253585
32,214,3,5.99,4.54 kg,0.13,100g,1713326400000,1713931200000,1712953919337,1713507918588
33,21,3,0.99,1 bunch,0.99,1ea,1713931200000,1714536000000,1712953919342,1714122253601
34,215,3,1.99,1 ea,1.99,1ea,1713931200000,1714536000000,1712953919346,1714122253596
35,26,3,0.4,1lb,1.79,1lb,1711684800000,1711684800000,1712953919351,1712953919351
36,23,3,5.99,908 g,0.66,100g,1711684800000,1711684800000,1712953919355,1712953919355
37,216,3,1.29,1 ea,1.29,1ea,1714536000000,1715140800000,1712953919360,1714848500171
38,217,3,1.23,1lb,1.99,1lb,1713931200000,1714536000000,1712953919364,1714122253633
39,218,3,3.99,1.36 kg,0.29,100g,1713326400000,1713931200000,1712953919376,1713507918634
40,29,3,1.58,1lb,2.99,1lb,1711684800000,1711684800000,1712953919381,1712953919381
41,219,3,0.92,1lb,1.99,1lb,1711684800000,1711684800000,1712953919386,1712953919386
42,33,3,1.99,6 pack,0.33,1ea,1711684800000,1711684800000,1712953919390,1712953919390
43,220,3,4.99,340 g,1.47,100g,1711684800000,1711684800000,1712953919393,1712953919393
44,221,3,4.99,369 g,1.35,100g,1711684800000,1711684800000,1712953919397,1712953919397
45,222,3,0.83,1lb,1.79,1lb,1711684800000,1711684800000,1712953919401,1712953919401
46,223,3,2.99,325 g,0.92,100g,1713326400000,1713931200000,1712953919405,1713507918655
47,224,3,5.99,680 g,0.88,100g,1711684800000,1711684800000,1712953919411,1712953919411
48,226,3,5.99,285 g,2.1,100g,1711684800000,1711684800000,1712953919415,1713411023271
49,227,3,4.99,298 g,1.67,100g,1711684800000,1711684800000,1712953919420,1712953919420
50,228,3,4.99,347 g,1.44,100g,1711684800000,1711684800000,1712953919425,1712953919425
51,225,3,5.99,0.312 kg,1.92,100g,1711684800000,1711684800000,1712953919428,1713411023277
52,37,3,0.66,1lb,2.99,1lb,1713931200000,1714536000000,1712953919434,1714122253654
53,229,3,15.99,710 g,2.25,100g,1711684800000,1711684800000,1712953939093,1713411037403
54,230,3,11.99,710 g,1.69,100g,1711684800000,1711684800000,1712953939098,1712953939098
55,231,3,6.99,375 g,1.86,100g,1713931200000,1714536000000,1712953939102,1714122282583
56,232,3,5.99,375 g,1.6,100g,1711684800000,1711684800000,1712953939106,1712953939106
57,233,3,4.49,375 g,1.2,100g,1711684800000,1711684800000,1712953939111,1712953939111
58,234,3,8.99,720 g,1.25,100g,1711684800000,1711684800000,1712953939115,1713411037498
59,235,3,6.99,375 g,1.86,100g,1713931200000,1714536000000,1712953939119,1714122282597
60,236,3,4.99,375 g,1.33,100g,1711684800000,1711684800000,1712953939123,1712953939123
61,238,3,5.99,500 g,1.2,100g,1714536000000,1715140800000,1712953939127,1714848519301
62,237,3,6,500 g,1.2,100g,1711684800000,1711684800000,1712953939131,1713411037436
63,239,3,34.89,1lb,10.99,1lb,1711684800000,1711684800000,1712953939139,1713411037415
64,240,3,5.49,375 g,1.46,100g,1713931200000,1714536000000,1712953939142,1714122267937
65,241,3,8.99,720 g,1.25,100g,1711684800000,1711684800000,1712953939152,1713411037442
66,242,3,12.92,1lb,4.99,1lb,1711684800000,1711684800000,1712953939156,1713411037456
67,244,3,5.99,375 g,1.6,100g,1711684800000,1711684800000,1712953939161,1712953939164
68,243,3,15.99,710 g,2.25,100g,1711684800000,1711684800000,1712953939169,1713411037466
69,246,3,5.99,500 g,1.2,100g,1713931200000,1714536000000,1712953939174,1714122267997
70,245,3,5.99,500 g,1.2,100g,1713931200000,1714536000000,1712953939179,1714122267963
71,249,3,5.29,375 g,1.41,100g,1711684800000,1711684800000,1712953939183,1713411037474
72,247,3,22,2.27 kg,0.97,100g,1711684800000,1711684800000,1712953939188,1713411037523
73,248,3,19.89,1lb,10.49,1lb,1711684800000,1711684800000,1712953939197,1713411037483
74,250,3,8.99,720 g,1.25,100g,1711684800000,1711684800000,1712953939202,1713411037505
75,251,3,6.99,500 g,1.4,100g,1713931200000,1714536000000,1712953939206,1714122282644
76,253,3,6.99,300 g,2.33,100g,1713931200000,1714536000000,1712953939211,1714122282656
77,254,3,6.99,300 g,2.33,100g,1713931200000,1714536000000,1712953939215,1714122282660
78,252,3,6.99,500 g,1.4,100g,1713931200000,1714536000000,1712953939220,1714122282664
79,255,3,13.99,1lb,5.99,1lb,1711684800000,1711684800000,1712953939224,1713411037532
80,256,3,5.99,375 g,1.6,100g,1711684800000,1711684800000,1712953939229,1712953939229
81,257,3,6.99,300 g,2.33,100g,1713931200000,1714536000000,1712953939233,1714122282682
82,259,3,6.99,300 g,23.3,1kg $2.33,1713931200000,1714536000000,1712953939238,1714122282686
83,258,3,5.99,450 g,1.33,100g,1711684800000,1711684800000,1712953939242,1712953939242
84,260,3,6.99,300 g,2.33,100g,1713931200000,1714536000000,1712953939246,1714122282699
85,261,3,7,250 g,2.8,100g,1713931200000,1714536000000,1712953954315,1714122282579
86,262,3,2.29,90 g,2.54,100g,1714536000000,1715140800000,1712953954322,1714848535378
87,263,3,10.49,600 g,17.48,100g,1711684800000,1711684800000,1712953954328,1712953954333
88,142,3,4.44,400 g,1.11,100g,1714536000000,1715140800000,1712953954337,1714848596405
89,264,3,5.49,200 g,2.75,100g,1711684800000,1711684800000,1712953954359,1713411055630
90,265,3,1.99,454 g,0.44,100g,1714536000000,1715140800000,1712953954364,1714848535445
91,266,3,1.99,454 g,0.44,100g,1714536000000,1715140800000,1712953954369,1714848535503
92,267,3,5.77,400 g,1.44,100g,1713931200000,1714536000000,1712953954374,1714122330003
93,268,3,1.99,454 g,0.44,100g,1714536000000,1715140800000,1712953954379,1714848535576
94,271,3,7.49,240 g,3.12,100g,1711684800000,1711684800000,1712953954385,1712953954385
95,272,3,5,150 g,3.33,100g,1711684800000,1711684800000,1712953954391,1713411055656
96,273,3,1.99,454 g,0.44,100g,1714536000000,1715140800000,1712953954396,1714848535540
97,269,3,7.49,280 g,2.68,100g,1711684800000,1711684800000,1712953954400,1712953954400
98,270,3,2.29,196 g,1.17,100g,1711684800000,1711684800000,1712953954404,1713411055647
99,274,3,7,250 g,2.8,100g,1713931200000,1714536000000,1712953954409,1714122282629
100,276,3,2.29,100 g,2.29,100g,1714536000000,1715140800000,1712953954418,1714848535693
101,275,3,5.49,200 g,2.75,100g,1711684800000,1711684800000,1712953954423,1713411055683
102,279,3,2.29,100 g,2.29,100g,1714536000000,1715140800000,1712953954433,1714848535614
103,277,3,7,250 g,2.8,100g,1713931200000,1714536000000,1712953954438,1714122282652
104,278,3,2.29,90 g,2.54,100g,1714536000000,1715140800000,1712953954442,1714848535601
105,280,3,7.49,560 g,1.34,100g,1711684800000,1711684800000,1712953954460,1712953954460
106,281,3,2.29,90 g,2.54,100g,1711684800000,1711684800000,1712953954467,1712953954467
107,282,3,2.29,100 g,2.29,100g,1714536000000,1715140800000,1712953954479,1714848535731
108,283,3,3,235 g,1.28,100g,1713931200000,1714536000000,1712953971285,1714122298990
109,284,3,3.99,160 g,2.49,100g,1711684800000,1711684800000,1712953986788,1713411088474
110,285,3,2.99,227 g,1.32,100g,1713931200000,1714536000000,1712953986793,1714122312201
111,286,3,5.99,400 g,1.5,100g,1714536000000,1715140800000,1712953986797,1714848567892
112,287,3,2.99,227 g,1.32,100g,1713931200000,1714536000000,1712953986802,1714122312206
113,288,3,2.99,160 g,1.87,100g,1713931200000,1714536000000,1712953986806,1714122312210
114,289,3,5.99,400 g,1.5,100g,1714536000000,1715140800000,1712953986810,1714848567927
115,290,3,3.79,227 g,1.67,100g,1711684800000,1711684800000,1712953986815,1713411088524
116,291,3,5.99,400 g,1.5,100g,1714536000000,1715140800000,1712953986820,1714848567915
117,292,3,5.99,400 g,1.5,100g,1714536000000,1715140800000,1712953986827,1714848567908
118,293,3,2.99,227 g,1.32,100g,1713931200000,1714536000000,1712953986833,1714122312216
119,294,3,5.99,400 g,1.5,100g,1714536000000,1715140800000,1712953986840,1714848567946
120,295,3,2.99,50 g,5.98,100g,1713931200000,1714536000000,1712953986845,1714122312221
121,296,3,5.99,400 g,1.5,100g,1714536000000,1715140800000,1712953986851,1714848567937
122,297,3,5.99,1.36 kg,0.44,100g,1713931200000,1714536000000,1712954001796,1714122329977
123,298,3,2.99,2x130.0 g,1.15,100g,1713931200000,1714536000000,1712954001802,1714122330012
124,299,3,2.99,500 g,0.6,100g,1713931200000,1714536000000,1712954001812,1714122329986
125,300,3,2.29,750 g,0.31,100g,1711684800000,1711684800000,1712954001830,1712954001830
126,301,3,3.99,450 g,0.89,100g,1711684800000,1711684800000,1712954001836,1712954001836
127,121,3,3.79,1.75 l,0.22,100ml,1713931200000,1714536000000,1712954001841,1714122362149
128,107,3,2.49,410 g,0.61,100g,1711684800000,1711684800000,1712954001845,1712954001845
129,302,3,2.99,260 g,1.15,100g,1713931200000,1714536000000,1712954001849,1714122329972
130,303,3,2.99,500 g,0.6,100g,1713931200000,1714536000000,1712954001852,1714122339545
131,304,3,2.99,500 g,0.6,100g,1713931200000,1714536000000,1712954001855,1714122329955
132,126,3,3.89,410 g,0.95,100g,1711684800000,1711684800000,1712954001865,1713411105668
133,305,3,2.49,946 ml,0.26,100ml,1713931200000,1714536000000,1712954001868,1714122330036
134,125,3,2.49,410 g,0.61,100g,1711684800000,1711684800000,1712954001874,1712954001874
135,120,3,3.89,410 g,0.95,100g,1711684800000,1711684800000,1712954001876,1713411105659
136,306,3,5.99,1.275 kg,0.47,100g,1713931200000,1714536000000,1712954001883,1714122330137
137,307,3,2.99,650 g,0.46,100g,1713931200000,1714536000000,1712954001886,1714122330148
138,308,3,2.79,750 g,0.37,100g,1711684800000,1711684800000,1712954001889,1713411105684
139,309,3,2.49,946 ml,0.26,100ml,1713931200000,1714536000000,1712954001917,1714122339508
140,310,3,2.99,650 g,0.46,100g,1713931200000,1714536000000,1712954001920,1714122339536
141,190,3,0.88,1 l,0.09,100ml,1713326400000,1713931200000,1712954017188,1713508001836
142,311,3,2.49,473 ml,0.53,100ml,1713931200000,1714536000000,1712954017194,1714122355198
143,312,3,13.99,875 g,1.6,100g,1713931200000,1714536000000,1712954017199,1714122355173
144,313,3,5.49,6x591.0 ml,0.15,100ml,1711684800000,1711684800000,1712954017203,1712954017203
145,314,3,2.79,48 ml,5.81,100ml,1711684800000,1711684800000,1712954017208,1713411122562
146,315,3,3.29,10x180.0 ml,0.18,100ml,1711684800000,1711684800000,1712954017215,1713411122628
147,316,3,5.99,6x591.0 ml,0.17,100ml,1711684800000,1711684800000,1712954017221,1713411122588
148,317,3,3.29,45 g,7.31,100g,1711684800000,1711684800000,1712954017227,1713411122753
149,318,3,2.49,473 ml,0.53,100ml,1713931200000,1714536000000,1712954017244,1714122355321
150,319,3,2.49,1.89 l,0.13,100ml,1711684800000,1711684800000,1712954017248,1712954017248
151,320,3,5.99,540 g,1.11,100g,1714536000000,1715140800000,1712954017253,1714848615475
152,321,3,2.79,48 ml,5.81,100ml,1711684800000,1711684800000,1712954017257,1713411122634
153,322,3,5.99,12 ea,0.5,1ea,1714536000000,1715140800000,1712954017261,1714848615524
154,323,3,13.99,30 ea,0.47,1ea,1713931200000,1714536000000,1712954017279,1714122355311
155,324,3,0.88,1 l,0.09,100ml,1713326400000,1713931200000,1712954017284,1713508001912
156,325,3,2.79,1.89 l,0.15,100ml,1713931200000,1714536000000,1712954017289,1714122355210
157,326,3,13.99,930 g,1.5,100g,1713931200000,1714536000000,1712954017294,1714122355355
158,327,3,4.79,2.5 l,0.19,100ml,1711684800000,1711684800000,1712954017299,1712954017299
159,328,3,3.99,1.89 l,0.21,100ml,1714536000000,1715140800000,1712954017303,1714848625517
160,329,3,5.99,12 ea,0.5,1ea,1714536000000,1715140800000,1712954017308,1714848615514
161,330,3,2.99,48 ml,6.23,100ml,1711684800000,1711684800000,1712954017312,1712954017312
162,331,3,2.49,473 ml,0.53,100ml,1713931200000,1714536000000,1712954017317,1714122355350
163,332,3,5.99,12x355.0 ml,0.14,100ml,1711684800000,1711684800000,1712954017322,1712954017322
164,333,3,2.79,48 ml,5.81,100ml,1711684800000,1711684800000,1712954017330,1713411122649
165,334,3,5.99,12 ea,0.5,1ea,1714536000000,1715140800000,1712954017334,1714848615538
166,335,3,2.79,48 ml,5.81,100ml,1711684800000,1711684800000,1712954017338,1713411122663
167,171,3,11.49,24x355.0 ml,0.13,100ml,1714536000000,1715140800000,1712954017342,1714848615426
168,336,3,5.99,6x591.0 ml,0.17,100ml,1711684800000,1711684800000,1712954017346,1713411122706
169,337,3,2.49,1.89 l,0.13,100ml,1711684800000,1711684800000,1712954017350,1712954017350
170,338,3,13.99,30 ea,0.47,1ea,1713931200000,1714536000000,1712954017354,1714122362076
171,339,3,2.49,473 ml,0.53,100ml,1713931200000,1714536000000,1712954017359,1714122362042
172,340,3,13.99,930 g,1.5,100g,1713931200000,1714536000000,1712954017375,1714122362051
173,341,3,2.79,48 ml,5.81,100ml,1711684800000,1711684800000,1712954017379,1713411122692
174,342,3,5.99,6x591.0 ml,0.17,100ml,1711684800000,1711684800000,1712954017389,1713411122697
175,343,3,5.99,6x591.0 ml,0.17,100ml,1711684800000,1711684800000,1712954017394,1713411122682
176,344,3,13.99,930 g,1.5,100g,1713931200000,1714536000000,1712954017398,1714122362190
177,345,3,13.99,930 g,1.5,100g,1713931200000,1714536000000,1712954017403,1714122362172
178,346,3,13.99,30 ea,0.47,1ea,1713931200000,1714536000000,1712954017413,1714122362145
179,347,3,4.79,2.5 l,0.19,100ml,1711684800000,1711684800000,1712954024918,1712954024918
180,348,3,0.88,1 l,0.09,100ml,1713326400000,1713931200000,1712954024968,1713508002104
181,370,3,2.79,48 ml,5.81,100ml,1711684800000,1711684800000,1713411122718,1713411122718
182,352,3,2,591 ml,0.34,100ml,1714536000000,1715140800000,1713411137582,1714848640603
183,351,3,10.99,1 ea,0.11,1ea,1714536000000,1715140800000,1713411137590,1714848640543
184,349,3,16.99,680 g,2.5,100g,1711684800000,1711684800000,1713411137597,1713411137597
185,358,3,16.99,680 g,2.5,100g,1711684800000,1711684800000,1713411137612,1713411137612
186,359,3,16.99,680 g,2.5,100g,1711684800000,1711684800000,1713411137619,1713411137619
187,357,3,16.99,4.16 l,0.41,100ml,1711684800000,1711684800000,1713411137627,1713411137627
188,362,3,2,591 ml,0.34,100ml,1714536000000,1715140800000,1713411137634,1714848640679
189,360,3,9.99,2.63 l,0.38,100ml,1713326400000,1713931200000,1713411137641,1713508014554
190,361,3,2,828 ml,0.24,100ml,1714536000000,1715140800000,1713411137649,1714848640735
191,368,3,2,591 ml,0.34,100ml,1714536000000,1715140800000,1713411137658,1714848640726
192,365,3,10.99,30 ea,0.37,1ea,1714536000000,1715140800000,1713411137671,1714848640745
193,367,3,10.99,30 ea,0.37,1ea,1714536000000,1715140800000,1713411137681,1714848640755
194,371,3,0.97,1lb,1.99,1lb,1713326400000,1713931200000,1713505529383,1713507918578
195,372,3,0.66,1lb,2.99,1lb,1714536000000,1715140800000,1713505529391,1714848500063
196,373,3,2.71,1lb,1.09,1lb,1713326400000,1713931200000,1713505529399,1713507918584
197,374,3,3.88,1.8 kg,0.22,100g,1713326400000,1713931200000,1713505529414,1713507918593
198,375,3,0.99,1 ea,0.99,1ea,1713931200000,1714536000000,1713505529421,1714122253576
199,15,3,0.88,1 bunch,0.88,1ea,1713326400000,1713931200000,1713505529427,1713507918598
200,27,3,0.99,1 ea,0.99,1ea,1713931200000,1714536000000,1713505529446,1714122253590
201,376,3,2.49,1 ea,2.49,1ea,1713326400000,1713931200000,1713505529454,1713507918644
202,30,3,2.99,1 bunch,2.99,1ea,1714536000000,1715140800000,1713505529465,1714848500234
203,377,3,4.99,680 g,0.73,100g,1714536000000,1715140800000,1713505529502,1714848500184
204,378,3,3.99,454 g,0.88,100g,1713931200000,1714536000000,1713505529514,1714122253617
205,50,3,3.49,375 g,0.93,100g,1713931200000,1714536000000,1713505546565,1714122267933
206,51,3,10.99,1.36 kg,0.81,100g,1714536000000,1715140800000,1713505546577,1714848519227
207,379,3,5.99,615 g,0.97,100g,1713326400000,1713931200000,1713505546588,1713507934486
208,380,3,5.99,615 g,0.97,100g,1713326400000,1713931200000,1713505546598,1713507934521
209,53,3,3.49,375 g,0.93,100g,1713931200000,1714536000000,1713505546609,1714122267980
210,46,3,3.99,500 g,0.8,100g,1713931200000,1714536000000,1713505546619,1714122267942
211,58,3,10.99,1.13 kg,0.97,100g,1714536000000,1715140800000,1713505546629,1714848519285
212,66,3,10.99,1.13 kg,0.97,100g,1714536000000,1715140800000,1713505546640,1714848519371
213,68,3,10.99,1.02 kg,1.08,100g,1714536000000,1715140800000,1713505546651,1714848519358
214,64,3,3.49,375 g,0.93,100g,1713931200000,1714536000000,1713505546657,1714122268035
215,381,3,5.99,615 g,0.97,100g,1713326400000,1713931200000,1713505546663,1713507934555
216,382,3,14.4,1lb,5.99,1lb,1713326400000,1713931200000,1713505546670,1713507934566
217,383,3,6.99,175 g,39.94,1kg $3.99,1713326400000,1713931200000,1713505562618,1713507946788
218,384,3,6,160 g,3.75,100g,1713326400000,1713931200000,1713505562624,1713507946795
219,385,3,4.49,200 g,2.25,100g,1713326400000,1713931200000,1713505562630,1713507946807
220,386,3,5,500 ml,1,100ml,1713326400000,1713931200000,1713505562636,1713507946802
221,387,3,6,170 g,3.53,100g,1713326400000,1713931200000,1713505562645,1713507946813
222,388,3,5.99,150 g,3.99,100g,1713326400000,1713931200000,1713505562655,1713507946845
223,389,3,6.99,175 g,39.94,1kg $3.99,1713326400000,1713931200000,1713505562665,1713507946839
224,390,3,5.99,150 g,3.99,100g,1713326400000,1713931200000,1713505562677,1713507946850
225,391,3,6,160 g,3.75,100g,1713326400000,1713931200000,1713505562689,1713507946856
226,392,3,5.99,125 g,4.79,100g,1713326400000,1713931200000,1713505562699,1713507946881
227,393,3,6.99,175 g,39.94,1kg $3.99,1713326400000,1713931200000,1713505562710,1713507946862
228,394,3,7,500 g,1.4,100g,1713326400000,1713931200000,1713505562724,1713507946972
229,395,3,6.49,175 g,3.71,100g,1713326400000,1713931200000,1713505562735,1713507946909
230,396,3,6,150 g,4,100g,1713326400000,1713931200000,1713505562746,1713507946916
231,397,3,6,170 g,3.53,100g,1713326400000,1713931200000,1713505562759,1713507946895
232,398,3,6,300 g,20,1kg $2.00,1713326400000,1713931200000,1713505562773,1713507946902
233,399,3,6.99,150 g,4.66,100g,1713326400000,1713931200000,1713505562787,1713507946923
234,400,3,6,160 g,3.75,100g,1713326400000,1713931200000,1713505562798,1713507946929
235,401,3,6.99,175 g,3.99,100g,1713326400000,1713931200000,1713505562809,1713507946950
236,402,3,5,500 ml,1,100ml,1713326400000,1713931200000,1713505562821,1713507946936
237,403,3,6,150 g,4,100g,1713326400000,1713931200000,1713505562828,1713507946943
238,404,3,5.49,450 g,1.22,100g,1714536000000,1715140800000,1713505578122,1714848554888
239,405,3,4.99,300 g,1.66,100g,1714536000000,1715140800000,1713505578131,1714848554997
240,102,3,5.99,300 g,2,100g,1713326400000,1713931200000,1713505595858,1713507971036
241,103,3,5.99,300 g,2,100g,1713326400000,1713931200000,1713505595894,1713507971052
242,406,3,5.79,4 l,0.14,100ml,1713326400000,1713931200000,1713505612452,1713507986983
243,407,3,1,310 ml,0.32,100ml,1713326400000,1713931200000,1713505612462,1713507986976
244,408,3,2.99,650 g,0.46,100g,1713326400000,1713931200000,1713505612469,1713507987067
245,409,3,2.99,625 g,0.48,100g,1713326400000,1713931200000,1713505612476,1713507987005
246,410,3,5.79,2 l,0.29,100ml,1713326400000,1713931200000,1713505612482,1713507986996
247,411,3,6.29,625 g,1.01,100g,1713326400000,1713931200000,1713505612488,1713507987025
248,412,3,5.77,252 g,2.29,100g,1714536000000,1715140800000,1713505612497,1714848585033
249,413,3,5.77,320 g,1.8,100g,1714536000000,1715140800000,1713505612531,1714848585128
250,414,3,5.79,4 l,0.14,100ml,1713326400000,1713931200000,1713505612541,1713507987057
251,415,3,5.77,189 g,3.05,100g,1714536000000,1715140800000,1713505612563,1714848596281
252,416,3,1,750 ml,0.13,100ml,1713326400000,1713931200000,1713505612574,1713507987110
253,417,3,6.29,625 g,1.01,100g,1713326400000,1713931200000,1713505612585,1713507987079
254,418,3,5.77,336 g,1.72,100g,1714536000000,1715140800000,1713505612610,1714848596682
255,419,3,5.79,4 l,0.14,100ml,1713326400000,1713931200000,1713505612625,1713507987101
256,420,3,2.99,10x200.0 ml,0.15,100ml,1713326400000,1713931200000,1713505629876,1713508001872
257,421,3,13.99,907 g,1.54,100g,1713326400000,1713931200000,1713505629887,1713508001879
258,422,3,13.99,907 g,1.54,100g,1713326400000,1713931200000,1713505629896,1713508001900
259,423,3,1.99,1 l,0.2,100ml,1713326400000,1713931200000,1713505629907,1713508001885
260,424,3,2.99,24 ea,0.12,1ea,1713326400000,1713931200000,1713505629929,1713508001859
261,165,3,11.49,24x355.0 ml,0.13,100ml,1714536000000,1715140800000,1713505629939,1714848615814
262,425,3,2.99,20 ea,0.15,1ea,1713326400000,1713931200000,1713505629949,1713508001830
263,426,3,2.99,40 g,0.15,1ea,1713326400000,1713931200000,1713505629959,1713508001843
264,427,3,2.99,20 ea,0.15,1ea,1713326400000,1713931200000,1713505629969,1713508001853
265,428,3,2.99,20 ea,0.15,1ea,1713326400000,1713931200000,1713505629980,1713508001848
266,429,3,2.99,8x200.0 ml,0.19,100ml,1713326400000,1713931200000,1713505629990,1713508001944
267,430,3,2.99,8x200.0 ml,0.19,100ml,1713326400000,1713931200000,1713505630026,1713508001906
268,431,3,2.99,10x200.0 ml,0.15,100ml,1713326400000,1713931200000,1713505630033,1713508001919
269,432,3,2.99,20 ea,0.15,1ea,1713326400000,1713931200000,1713505630039,1713508001924
270,176,3,3.99,6x710.0 ml,0.09,100ml,1713326400000,1713931200000,1713505630044,1713508001931
271,433,3,2.99,32 g,9.34,100g,1713326400000,1713931200000,1713505630049,1713508001951
272,434,3,2.99,10x200.0 ml,0.15,100ml,1713326400000,1713931200000,1713505630054,1713508001964
273,435,3,2.99,24 ea,0.12,1ea,1713326400000,1713931200000,1713505630067,1713508001972
274,436,3,2.99,20 ea,0.15,1ea,1713326400000,1713931200000,1713505630072,1713508001987
275,437,3,3.99,946 ml,0.42,100ml,1713326400000,1713931200000,1713505630078,1713508001980
276,438,3,2.99,20 g,0.15,1ea,1713326400000,1713931200000,1713505630088,1713508002010
277,439,3,13.99,30 ea,0.47,1ea,1713326400000,1713931200000,1713505630096,1713508002023
278,168,3,1.25,2 l,0.06,100ml,1713931200000,1714536000000,1713505630111,1714122355279
279,440,3,2.99,20 ea,0.15,1ea,1713326400000,1713931200000,1713505630121,1713508002062
280,441,3,13.99,907 g,1.54,100g,1713326400000,1713931200000,1713505630130,1713508002034
281,442,3,13.99,30 ea,0.47,1ea,1713326400000,1713931200000,1713505630143,1713508002073
282,179,3,2.99,24 ea,0.12,1ea,1713326400000,1713931200000,1713505630152,1713508002042
283,443,3,3.99,946 ml,0.42,100ml,1713326400000,1713931200000,1713505630163,1713508002052
284,444,3,2.99,20 ea,0.15,1ea,1713326400000,1713931200000,1713505630175,1713508002135
285,445,3,1.25,400 ml,0.31,100ml,1713326400000,1713931200000,1713505630186,1713508002144
286,157,3,3.99,6x710.0 ml,0.09,100ml,1713326400000,1713931200000,1713505630198,1713508002112
287,446,3,2.99,40 g,7.48,100g,1713326400000,1713931200000,1713505630224,1713508002097
288,447,3,2.99,20 ea,0.15,1ea,1713326400000,1713931200000,1713505630233,1713508002119
289,448,3,13.99,30 ea,0.47,1ea,1713326400000,1713931200000,1713505630246,1713508002126
290,464,3,8,400 g,2,100g,1713326400000,1713931200000,1713506005180,1713507946819
291,465,3,6,375 g,16,1kg $1.60,1713326400000,1713931200000,1713506005191,1713507946826
292,466,3,4.49,198 g,2.27,100g,1713326400000,1713931200000,1713506005203,1713507946833
293,467,3,3.99,283 g,1.41,100g,1713326400000,1713931200000,1713506005295,1713507946875
294,468,3,6,150 g,4,100g,1713326400000,1713931200000,1713506005307,1713507946868
295,469,3,6,160 g,3.75,100g,1713326400000,1713931200000,1713506005385,1713507946957
296,71,3,4.44,400 g,1.11,100g,1714536000000,1715140800000,1713506005393,1714848596608
297,470,3,5.49,500 g,1.1,100g,1714536000000,1715140800000,1713506021102,1714848554867
298,471,3,5.77,320 g,1.8,100g,1714536000000,1715140800000,1713506051707,1714848584978
299,472,3,2.99,650 g,0.46,100g,1713326400000,1713931200000,1713506051835,1713507987085
300,473,3,2.99,625 g,0.48,100g,1713326400000,1713931200000,1713506051841,1713507987090
301,474,3,5.79,2 l,0.29,100ml,1713326400000,1713931200000,1713506051864,1713507987106
302,475,3,2.99,30 g,9.97,100g,1713326400000,1713931200000,1713506069663,1713508001892
303,476,3,1.25,500 ml,0.25,100ml,1713326400000,1713931200000,1713506069856,1713508002090
304,449,3,9.99,31 ea,0.32,1ea,1713326400000,1713931200000,1713506952479,1713508014517
305,477,3,3.99,700 ml,0.57,100ml,1713326400000,1713931200000,1713506952490,1713508014443
306,450,3,6.99,30 ea,0.23,1ea,1713326400000,1713931200000,1713506952501,1713508014451
307,451,3,7.99,15 ea,0.53,1ea,1713326400000,1713931200000,1713506952512,1713508014457
308,363,3,0.88,ea,0.88,ea,1713326400000,1713931200000,1713506952522,1713508014469
309,452,3,9.99,23 ea,0.43,1ea,1713326400000,1713931200000,1713506952533,1713508014464
310,453,3,9.99,30 ea,0.33,1ea,1713326400000,1713931200000,1713506952543,1713508014476
311,454,3,9.99,55 ea,0.18,1ea,1713326400000,1713931200000,1713506952553,1713508014579
312,455,3,6.99,40 ea,0.17,1ea,1713326400000,1713931200000,1713506952565,1713508014503
313,456,3,3.99,1.41 l,0.28,100ml,1713326400000,1713931200000,1713506952574,1713508014491
314,457,3,13.99,4.02 l,0.35,100ml,1713326400000,1713931200000,1713506952590,1713508014511
315,460,3,1,600 g,0.17,100g,1713326400000,1713931200000,1713506952615,1713508014532
316,459,3,6.99,16 ea,0.44,1ea,1713326400000,1713931200000,1713506952638,1713508014525
317,462,3,9.99,31 ea,0.32,1ea,1713326400000,1713931200000,1713506952649,1713508014546
318,461,3,6.99,20 ea,0.35,1ea,1713326400000,1713931200000,1713506952660,1713508014539
319,478,3,3.99,700 ml,0.57,100ml,1713326400000,1713931200000,1713506952672,1713508014562
320,458,3,9.99,200 ea,0.05,1ea,1713326400000,1713931200000,1713506952680,1713508014572
321,463,3,6.99,28 ea,0.25,1ea,1713326400000,1713931200000,1713506952695,1713508014585
322,479,3,4.35,1lb,1.99,1lb,1713931200000,1714536000000,1714117992351,1714122253553
323,480,3,2.99,1 ea,1.5,1ea,1713931200000,1714536000000,1714117992357,1714122253563
324,481,3,0.22,1kg,4.39,1kg,1714536000000,1715140800000,1714117992362,1714848500016
325,482,3,3.99,750 g,0.36,1ea,1714536000000,1715140800000,1714117992367,1714848500031
326,16,3,2.49,227 g,1.1,100g,1713931200000,1714536000000,1714117992384,1714122253580
327,483,3,1.37,1lb,0.99,1lb,1713931200000,1714536000000,1714117992403,1714122253613
328,484,3,5.99,312 g,1.92,100g,1713931200000,1714536000000,1714117992407,1714122253607
329,485,3,1.18,1lb,1.99,1lb,1713931200000,1714536000000,1714117992423,1714122253621
330,486,3,1.84,1 ea,1.84,1ea,1713931200000,1714536000000,1714117992437,1714122253649
331,40,3,2.49,227 g,1.1,100g,1713931200000,1714536000000,1714117992441,1714122253659
332,487,3,3.99,907 g,0.44,100g,1713931200000,1714536000000,1714117992447,1714122253638
333,488,3,5.99,312 g,1.92,100g,1713931200000,1714536000000,1714117992451,1714122253644
334,41,3,7.99,400 g,2,100g,1713931200000,1714536000000,1714118010077,1714122267890
335,43,3,3.99,500 g,0.8,100g,1713931200000,1714536000000,1714118010086,1714122267899
336,489,3,3.99,375 g,1.06,100g,1713931200000,1714536000000,1714118010091,1714122267922
337,490,3,13,680 g,1.91,100g,1713931200000,1714536000000,1714118010099,1714122267917
338,491,3,12.52,1lb,4.66,1lb,1713931200000,1714536000000,1714118010102,1714122267905
339,48,3,3.99,375 g,1.06,100g,1713931200000,1714536000000,1714118010110,1714122267955
340,47,3,3.99,375 g,1.06,100g,1713931200000,1714536000000,1714118010114,1714122267929
341,52,3,10.99,1.13 kg,0.97,100g,1714536000000,1715140800000,1714118010119,1714848519213
342,492,3,3.99,375 g,1.06,100g,1713931200000,1714536000000,1714118010155,1714122267971
343,57,3,8.89,1lb,3.49,1lb,1713931200000,1714536000000,1714118010161,1714122267975
344,55,3,3.99,250 g,1.6,100g,1713931200000,1714536000000,1714118010187,1714122268015
345,65,3,3.99,375 g,1.06,100g,1713931200000,1714536000000,1714118010195,1714122268077
346,63,3,3.99,500 g,0.8,100g,1713931200000,1714536000000,1714118010201,1714122268083
347,493,3,13.2,1lb,4.99,1lb,1713931200000,1714536000000,1714118010206,1714122268061
348,494,3,12,1.36 kg,0.88,100g,1713931200000,1714536000000,1714118010227,1714122268042
349,67,3,10.99,568 g,1.93,100g,1714536000000,1715140800000,1714118010241,1714848519321
350,69,3,3.99,133 g,3,100g,1713931200000,1714536000000,1714118028249,1714122282571
351,495,3,2.49,180 g,1.38,100g,1713931200000,1714536000000,1714118028253,1714122282559
352,496,3,2.49,6x30.0 g,1.38,100g,1713931200000,1714536000000,1714118028260,1714122282568
353,497,3,2.49,180 g,1.38,100g,1713931200000,1714536000000,1714118028263,1714122282562
354,498,3,2.49,180 g,1.38,100g,1713931200000,1714536000000,1714118028273,1714122282565
355,499,3,2.49,180 g,1.38,100g,1713931200000,1714536000000,1714118028276,1714122282586
356,500,3,2.49,180 g,1.38,100g,1713931200000,1714536000000,1714118028279,1714122282589
357,501,3,2.49,386 g,0.65,100g,1713931200000,1714536000000,1714118028282,1714122282621
358,502,3,2.49,200 g,1.25,100g,1713931200000,1714536000000,1714118028286,1714122282593
359,73,3,3.99,133 g,3,100g,1713931200000,1714536000000,1714118028292,1714122282604
360,74,3,3.99,120 g,3.33,100g,1713931200000,1714536000000,1714118028295,1714122282612
361,503,3,2.49,180 g,1.38,100g,1713931200000,1714536000000,1714118028298,1714122282608
362,504,3,2.49,200 g,1.25,100g,1713931200000,1714536000000,1714118028301,1714122282616
363,81,3,3.99,120 g,3.33,100g,1713931200000,1714536000000,1714118028310,1714122282625
364,80,3,3.99,120 g,3.33,100g,1713931200000,1714536000000,1714118028313,1714122282647
365,505,3,2.49,180 g,1.38,100g,1713931200000,1714536000000,1714118028316,1714122282633
366,506,3,2.49,200 g,1.25,100g,1713931200000,1714536000000,1714118028329,1714122282668
367,507,3,2.49,180 g,1.38,100g,1713931200000,1714536000000,1714118028340,1714122282694
368,86,3,3.99,140 g,2.85,100g,1713931200000,1714536000000,1714118028344,1714122282673
369,508,3,2.49,180 g,1.38,100g,1713931200000,1714536000000,1714118028347,1714122282677
370,509,3,2.49,180 g,1.38,100g,1713931200000,1714536000000,1714118028356,1714122282690
371,510,3,3.99,396 g,1.01,100g,1713931200000,1714536000000,1714118074353,1714122329920
372,110,3,4.25,200 g,2.13,100g,1713931200000,1714536000000,1714118074361,1714122329964
373,511,3,6.99,750 ml,0.93,100ml,1713931200000,1714536000000,1714118074369,1714122330026
374,112,3,4.25,240 g,1.77,100g,1713931200000,1714536000000,1714118074421,1714122329968
375,512,3,5.77,400 g,1.44,100g,1713931200000,1714536000000,1714118074426,1714122329932
376,104,3,3.49,1.89 l,0.18,100ml,1714536000000,1715140800000,1714118074432,1714848615751
377,513,3,3.99,946 ml,0.42,100ml,1713931200000,1714536000000,1714118074437,1714122329981
378,109,3,3.79,1.89 l,0.2,100ml,1713931200000,1714536000000,1714118074460,1714122355372
379,514,3,3.99,946 ml,0.42,100ml,1713931200000,1714536000000,1714118074478,1714122330105
380,515,3,3.99,946 ml,0.42,100ml,1713931200000,1714536000000,1714118074492,1714122330050
381,127,3,4.25,200 g,2.13,100g,1713931200000,1714536000000,1714118074496,1714122330061
382,516,3,3.99,946 ml,0.42,100ml,1713931200000,1714536000000,1714118074500,1714122330096
383,517,3,5.99,454 g,1.32,100g,1713931200000,1714536000000,1714118074505,1714122330077
384,130,3,4.25,240 g,1.77,100g,1713931200000,1714536000000,1714118074509,1714122330072
385,518,3,5.77,400 g,1.44,100g,1713931200000,1714536000000,1714118074524,1714122330089
386,519,3,5.77,400 g,1.44,100g,1713931200000,1714536000000,1714118074528,1714122330083
387,123,3,4.25,220 g,1.93,100g,1713931200000,1714536000000,1714118074533,1714122330066
388,520,3,5.77,400 g,1.44,100g,1713931200000,1714536000000,1714118074548,1714122330113
389,521,3,3.99,946 ml,0.42,100ml,1713931200000,1714536000000,1714118074554,1714122330144
390,522,3,5.77,400 g,1.44,100g,1713931200000,1714536000000,1714118074564,1714122330126
391,134,3,3.79,1.89 l,0.2,100ml,1713931200000,1714536000000,1714118074575,1714122355404
392,139,3,4.25,200 g,2.13,100g,1713931200000,1714536000000,1714118074585,1714122330161
393,523,3,5.77,400 g,1.44,100g,1713931200000,1714536000000,1714118074596,1714122330175
394,524,3,3.99,946 ml,0.42,100ml,1713931200000,1714536000000,1714118074612,1714122339481
395,525,3,3.99,946 ml,0.42,100ml,1713931200000,1714536000000,1714118081066,1714118081066
396,526,3,5.77,400 g,1.44,100g,1713931200000,1714536000000,1714118081095,1714122339494
397,527,3,5.99,454 g,1.32,100g,1713931200000,1714536000000,1714118081103,1714122339503
398,152,3,3.79,1.89 l,0.2,100ml,1713931200000,1714536000000,1714118081132,1714122362135
399,149,3,4.25,240 g,1.77,100g,1713931200000,1714536000000,1714118081161,1714122339519
400,528,3,5.77,300 g,1.92,100g,1713931200000,1714536000000,1714118081177,1714122339514
401,529,3,2.79,200 ml,1.4,100ml,1713931200000,1714536000000,1714118097661,1714122355145
402,158,3,1.25,2 l,0.06,100ml,1713931200000,1714536000000,1714118097666,1714122355193
403,530,3,2.79,8x200.0 ml,0.17,100ml,1713931200000,1714536000000,1714118097673,1714122355150
404,531,3,2.79,8x200.0 ml,0.17,100ml,1713931200000,1714536000000,1714118097682,1714122355154
405,532,3,6.99,4x355.0 ml,0.49,100ml,1713931200000,1714536000000,1714118097695,1714122355205
406,156,3,1.25,2 l,0.06,100ml,1713931200000,1714536000000,1714118097705,1714122355158
407,533,3,2.79,8x200.0 ml,0.17,100ml,1713931200000,1714536000000,1714118097734,1714122355168
408,534,3,2.79,8x200.0 ml,0.17,100ml,1713931200000,1714536000000,1714118097768,1714122355224
409,535,3,9.99,340 g,2.94,1ea,1713931200000,1714536000000,1714118097779,1714122362123
410,536,3,3.99,80 g,4.99,100g,1713931200000,1714536000000,1714118097784,1714122355245
411,537,3,2.79,1.89 l,0.15,100ml,1713931200000,1714536000000,1714118097789,1714122355253
412,166,3,1.25,2 l,0.06,100ml,1713931200000,1714536000000,1714118097795,1714122355333
413,538,3,4.49,1.75 l,0.26,100ml,1713931200000,1714536000000,1714118097801,1714122355291
414,539,3,3.99,1.89 l,0.21,100ml,1714536000000,1715140800000,1714118097824,1714848615394
415,169,3,1.25,2 l,0.06,100ml,1713931200000,1714536000000,1714118097834,1714122355328
416,540,3,2.79,8x200.0 ml,0.17,100ml,1713931200000,1714536000000,1714118097838,1714122355339
417,541,3,2.79,8x200.0 ml,0.17,100ml,1713931200000,1714536000000,1714118097870,1714122355399
418,177,3,1.25,2 l,0.06,100ml,1713931200000,1714536000000,1714118097889,1714122355366
419,170,3,1.25,2 l,0.06,100ml,1713931200000,1714536000000,1714118097894,1714122362070
420,542,3,2.79,1.89 l,0.15,100ml,1713931200000,1714536000000,1714118097913,1714122355381
421,543,3,6.99,4x355.0 ml,0.49,100ml,1713931200000,1714536000000,1714118097947,1714122362086
422,544,3,2.79,8x200.0 ml,0.17,100ml,1713931200000,1714536000000,1714118097955,1714122355423
423,186,3,1.25,2 l,0.06,100ml,1713931200000,1714536000000,1714118107172,1714122362091
424,188,3,1.25,2 l,0.06,100ml,1713931200000,1714536000000,1714118107215,1714118107215
425,545,3,2.79,8x200.0 ml,0.17,100ml,1713931200000,1714536000000,1714118107231,1714122362047
426,181,3,1.25,2 l,0.06,100ml,1713931200000,1714536000000,1714118107245,1714122362066
427,546,3,4.49,1.75 l,0.26,100ml,1713931200000,1714536000000,1714118107253,1714118107253
428,547,3,2.49,473 ml,0.53,100ml,1713931200000,1714536000000,1714118107260,1714122362166
429,548,3,2.79,8x200.0 ml,0.17,100ml,1713931200000,1714536000000,1714118107270,1714122362113
430,549,3,13.99,875 g,1.6,100g,1713931200000,1714536000000,1714118107277,1714122362118
431,550,3,3.99,100 g,3.99,100g,1713931200000,1714536000000,1714118107295,1714122362128
432,160,3,11.49,24x355.0 ml,0.13,100ml,1714536000000,1715140800000,1714118107323,1714848615416
433,551,3,1.25,960 ml,0.13,100ml,1714536000000,1715140800000,1714118107329,1714848615365
434,552,3,1.25,2 l,0.06,100ml,1713931200000,1714536000000,1714118107348,1714122362160
435,194,3,1.25,2 l,0.06,100ml,1713931200000,1714536000000,1714118107356,1714122362199
436,553,3,1.25,960 ml,0.13,100ml,1714536000000,1715140800000,1714118107365,1714848615551
437,554,3,3.99,100 g,3.99,100g,1713931200000,1714536000000,1714118107387,1714122362181
438,182,3,1.25,2 l,0.06,100ml,1713931200000,1714536000000,1714122355392,1714122355392
439,555,3,3.99,100 g,3.99,100g,1713931200000,1714536000000,1714122362056,1714122362056
440,216,4,0.88,1un,0.88,un,1714536000000,1715140800000,1714508201308,1714848557615
441,558,4,3.98,170g,2.34,100g,1713931200000,1714536000000,1714508201319,1714508201319
442,559,4,8.77,Abagcontainsonaverage1000g,3.98,lb,1713931200000,1714536000000,1714508201324,1714508201324
443,560,4,8.77,Abagcontainsonaverage1000g,3.98,lb,1714536000000,1715140800000,1714508201332,1714848557694
444,561,4,2.98,170g,1.99,100g,1714536000000,1715140800000,1714508201339,1714848557702
445,562,4,0.88,Soldindividually,0.88,un,1713931200000,1714536000000,1714508201348,1714508201348
446,225,4,3.77,142g,2.65,100g,1713931200000,1714536000000,1714508201356,1714508201356
447,563,4,3.77,142g,2.65,100g,1713931200000,1714536000000,1714508201362,1714508201362
448,564,4,0.87,"",1.98,lb,1713931200000,1714536000000,1714508201369,1714508201369
449,565,4,2.88,397g,2.88,un,1714536000000,1715140800000,1714508201376,1714848557707
450,566,4,7,340g,1.03,un,1713931200000,1714536000000,1714508201383,1714508216490
451,217,4,1.01,"",1.88,lb,1714536000000,1715140800000,1714508201389,1714848557719
452,567,4,1.98,227g,0.87,100g,1714536000000,1715140800000,1714508201398,1714848557725
453,568,4,2.88,454g,0.63,100g,1714536000000,1715140800000,1714508201405,1714848557733
454,569,4,3.77,142g,2.65,100g,1713931200000,1714536000000,1714508201413,1714508201413
455,570,4,1.88,170g,1.11,100g,1714536000000,1715140800000,1714508201421,1714848557742
456,571,4,3.98,5lb,0.18,100g,1714536000000,1715140800000,1714508201430,1714848567464
457,572,4,3.98,5lb,0.18,100g,1714536000000,1715140800000,1714508201437,1714848557764
458,573,4,3.88,454g,0.85,100g,1714536000000,1715140800000,1714508201444,1714848557771
459,574,4,4.98,1.13kg,0.44,100g,1714536000000,1715140800000,1714508201451,1714848557779
460,575,4,3.98,227g,1.76,100g,1713931200000,1714536000000,1714508201459,1714508201459
461,576,4,0.74,"",1.98,lb,1713931200000,1714536000000,1714508201466,1714508201466
462,577,4,3.77,142g,2.65,100g,1713931200000,1714536000000,1714508201473,1714508201473
463,578,4,3.88,1lb,0.85,100g,1714536000000,1715140800000,1714508201481,1714848557794
464,579,4,3.98,600g,0.66,100g,1713931200000,1714536000000,1714508201489,1714508201489
465,580,4,1.98,1un,1.98,un,1714536000000,1715140800000,1714508208492,1714848557817
466,581,4,3.77,142g,2.65,100g,1713931200000,1714536000000,1714508208504,1714508208504
467,375,4,3,1un,1.5,un,1714536000000,1715140800000,1714508208514,1714848557828
468,582,4,3.98,2lb,0.44,100g,1714536000000,1715140800000,1714508208525,1714848557849
469,208,4,1.68,5lb,0.07,100g,1714536000000,1715140800000,1714508208535,1714848567352
470,583,4,4.98,3lb,0.37,100g,1714536000000,1715140800000,1714508208550,1714848567356
471,584,4,1.98,283g,0.7,100g,1714536000000,1715140800000,1714508208560,1714848567359
472,585,4,3.98,2lb,0.44,100g,1714536000000,1715140800000,1714508208568,1714848567362
473,586,4,4.98,2lb,0.55,100g,1714536000000,1715140800000,1714508208575,1714848567365
474,587,4,5.22,Soldindividually,1.48,lb,1714536000000,1715140800000,1714508208583,1714848567368
475,588,4,4.98,2lb,0.55,100g,1714536000000,1715140800000,1714508208591,1714848567372
476,589,4,0.39,"",0.88,lb,1713931200000,1714536000000,1714508208598,1714508208598
477,590,4,2.88,454g,0.63,100g,1714536000000,1715140800000,1714508208606,1714848567440
478,591,4,1.98,283g,0.7,100g,1714536000000,1715140800000,1714508208615,1714848567378
479,592,4,3.98,2lb,0.44,100g,1714536000000,1715140800000,1714508208625,1714848567424
480,593,4,1.88,Soldindividually,0.38,un,1713931200000,1714536000000,1714508208631,1714508208631
481,594,4,3.98,4unitsperpackage,1,un,1714536000000,1715140800000,1714508208638,1714848567436
482,595,4,4.88,6pieces,0.81,un,1714536000000,1715140800000,1714508208644,1714848567454
483,596,4,3.88,340g,1.14,100g,1714536000000,1715140800000,1714508208651,1714848577764
484,597,4,1.08,"",1.99,lb,1713931200000,1714536000000,1714508208657,1714508208657
485,598,4,3.98,5L,0.18,100g,1714536000000,1715140800000,1714508208664,1714848577769
486,599,4,3.98,4unitsperpackage,1,un,1714536000000,1715140800000,1714508208672,1714848567431
487,600,4,4.98,3lb,0.37,100g,1714536000000,1715140800000,1714508208679,1714848567417
488,601,4,5.74,1un,1.48,lb,1713931200000,1714536000000,1714508208687,1714508208687
489,602,4,7,340g,1.03,100g,1713931200000,1714536000000,1714508208696,1714508208696
490,603,4,7,340g,1.03,100g,1713931200000,1714536000000,1714508216423,1714508216423
491,604,4,3.98,3lb,0.29,100g,1714536000000,1715140800000,1714508216434,1714848567445
492,605,4,4.98,4un,1.25,un,1714536000000,1715140800000,1714508216470,1714848567457
493,606,4,5,250g,1,100g,1714536000000,1715140800000,1714508216476,1714848567421
494,607,4,3.77,142g,2.65,100g,1713931200000,1714536000000,1714508216485,1714508216485
495,608,4,2.88,3lb,0.21,100g,1713931200000,1714536000000,1714508216494,1714508216494
496,609,4,3.98,5lb,0.18,100g,1714536000000,1715140800000,1714508216498,1714848577778
497,610,4,4.98,3lb,0.37,100g,1714536000000,1715140800000,1714508216501,1714848577790
498,611,4,4.88,4un,1.22,un,1714536000000,1715140800000,1714508216505,1714848577795
499,612,4,6.88,Soldindividually,6.88,un,1714536000000,1715140800000,1714508216509,1714848577804
500,613,4,3,Soldindividually,1.5,un,1714536000000,1715140800000,1714508216512,1714848577811
501,481,4,3.77,340g,1.11,100g,1714536000000,1715140800000,1714508216516,1714848577816
502,614,4,4.98,3lb,0.37,100g,1714536000000,1715140800000,1714508216519,1714848577820
503,615,4,1.68,5lb,0.07,100g,1714536000000,1715140800000,1714508216522,1714848577832
504,616,4,4.98,3lb,0.37,100g,1714536000000,1715140800000,1714508216526,1714848577838
505,372,4,4.98,1un,0.55,100g,1714536000000,1715140800000,1714508216530,1714848577847
506,617,4,1.98,227g,0.87,100g,1714536000000,1715140800000,1714508216533,1714848577852
507,618,4,1.88,Soldindividually,1.88,un,1714536000000,1715140800000,1714508216536,1714848577863
508,619,4,5.99,375g,1.6,100g,1713931200000,1714536000000,1714508232129,1714508232129
509,620,4,4.61,1pertray,3.49,lb,1713931200000,1714536000000,1714508232134,1714508232134
510,621,4,4.99,4pertray,1,100g,1714536000000,1715140800000,1714508232139,1714848603536
511,622,4,4.99,4pertray,1,100g,1714536000000,1715140800000,1714508232145,1714848603607
512,623,4,5.99,375g,1.6,100g,1713931200000,1714536000000,1714508232150,1714508232150
513,624,4,7.27,2steakspertray,10.99,lb,1713931200000,1714536000000,1714508232154,1714508232154
514,625,4,5.99,500g,1.2,100g,1713931200000,1714536000000,1714508232161,1714508232161
515,626,4,11.99,480g,2.5,100g,1713931200000,1714536000000,1714508232166,1714508232166
516,627,4,6.99,375g,1.86,100g,1713931200000,1714536000000,1714508232172,1714508232172
517,628,4,10.99,880g,1.37,100g,1713931200000,1714536000000,1714508232177,1714508232177
518,629,4,6.99,450g,1.55,100g,1713931200000,1714536000000,1714508232182,1714508232182
519,630,4,12.99,1kg,1.3,100g,1713931200000,1714536000000,1714508232188,1714508232188
520,631,4,10.99,800g,1.37,100g,1713931200000,1714536000000,1714508232195,1714508232195
521,632,4,6.99,375g,1.86,100g,1713931200000,1714536000000,1714508232203,1714508232203
522,633,4,5.99,375g,1.6,100g,1713931200000,1714536000000,1714508232209,1714508232209
523,634,4,6.99,375g,1.86,100g,1713931200000,1714536000000,1714508232215,1714508232215
524,635,4,5.99,375g,1.6,100g,1713931200000,1714536000000,1714508232222,1714508232222
525,636,4,11.99,640g,1.87,100g,1713931200000,1714536000000,1714508232229,1714508232229
526,637,4,6.99,375g,1.86,100g,1713931200000,1714536000000,1714508232238,1714508232238
527,638,4,6.99,375g,1.86,100g,1713931200000,1714536000000,1714508232245,1714508232245
528,639,4,11.53,"",2.99,lb,1713931200000,1714536000000,1714508232251,1714508232251
529,640,4,6.99,375g,1.86,100g,1713931200000,1714536000000,1714508232260,1714508232260
530,641,4,6.99,375g,1.86,100g,1713931200000,1714536000000,1714508232269,1714508232269
531,642,4,6.99,450g,1.55,100g,1713931200000,1714536000000,1714508232279,1714508232279
532,643,4,11.99,500g,2.4,100g,1713931200000,1714536000000,1714508232289,1714508232289
533,644,4,7.93,"",5.99,lb,1713931200000,1714536000000,1714508242542,1714508242542
534,645,4,13.2,"",4.99,lb,1713931200000,1714536000000,1714508242550,1714508242550
535,646,4,12.99,720g,1.8,100g,1713931200000,1714536000000,1714508242558,1714508242558
536,647,4,8.59,"",7.49,lb,1713931200000,1714536000000,1714508242567,1714508242567
537,648,4,10.99,1kg,1.1,100g,1713931200000,1714536000000,1714508242575,1714508242575
538,649,4,12.99,710g,1.83,100g,1713931200000,1714536000000,1714508242582,1714508242582
539,650,4,11.44,"",3.99,lb,1713931200000,1714536000000,1714508242591,1714508242601
540,651,4,5.29,"",6.49,lb,1713931200000,1714536000000,1714508242609,1714508242609
541,652,4,11.99,340g,3.53,100g,1713931200000,1714536000000,1714508242617,1714508242617
542,653,4,4.99,450g,1.11,100g,1713931200000,1714536000000,1714508242623,1714508242623
543,654,4,3.88,450g,0.86,100g,1713931200000,1714536000000,1714508242632,1714508242632
544,655,4,8.85,"",11.99,lb,1713931200000,1714536000000,1714508242637,1714508242637
545,656,4,15.84,1pertray,4.49,lb,1713931200000,1714536000000,1714508242644,1714508242644
546,657,4,5.99,375g,1.6,100g,1713931200000,1714536000000,1714508242651,1714508242651
547,658,4,9.99,600g,1.67,100g,1713931200000,1714536000000,1714508242660,1714508242660
548,659,4,6.99,375g,1.86,100g,1713931200000,1714536000000,1714508242669,1714508242669
549,660,4,12.99,695g,1.87,100g,1713931200000,1714536000000,1714508242678,1714508242678
550,661,4,6.99,375g,1.86,100g,1713931200000,1714536000000,1714508242686,1714508242686
551,662,4,6.88,615g,1.12,100g,1713931200000,1714536000000,1714508242697,1714508242697
552,663,4,6.88,615g,1.12,100g,1713931200000,1714536000000,1714508242708,1714508242708
553,664,4,6.88,615g,1.12,100g,1713931200000,1714536000000,1714508242718,1714508242718
554,665,4,12.4,"",3.88,lb,1713931200000,1714536000000,1714508242729,1714508242729
555,666,4,20.48,125g,9.99,lb,1713931200000,1714536000000,1714508242740,1714508242740
556,667,4,19.26,"",6.99,lb,1713931200000,1714536000000,1714508251670,1714508251670
557,668,4,17.03,"",4.29,lb,1713931200000,1714536000000,1714508251679,1714508251679
558,669,4,6.88,300g,2.29,100g,1713931200000,1714536000000,1714508251686,1714508284644
559,670,4,7.92,"",4.49,lb,1713931200000,1714536000000,1714508251691,1714508251691
560,671,4,3.49,227g,1.54,100g,1713931200000,1714536000000,1714508268402,1714508268402
561,672,4,3.49,227g,1.54,100g,1714536000000,1715140800000,1714508268410,1714848620954
562,673,4,3.49,227g,1.54,100g,1714536000000,1715140800000,1714508268418,1714848620940
563,674,4,3.49,227g,1.54,100g,1714536000000,1715140800000,1714508268431,1714848620929
564,675,4,3.49,227g,1.54,100g,1713931200000,1714536000000,1714508268441,1714508268441
565,676,4,3.49,200g,1.75,100g,1714536000000,1715140800000,1714508268450,1714848620935
566,677,4,3.49,227g,1.54,100g,1713931200000,1714536000000,1714508268462,1714508268462
567,678,4,3.49,227g,1.54,100g,1713931200000,1714536000000,1714508268470,1714508268470
568,679,4,5.99,250g,2.4,100g,1713931200000,1714536000000,1714508268480,1714508268480
569,680,4,6.49,150g,4.33,100g,1713931200000,1714536000000,1714508268490,1714508268490
570,681,4,3.49,227g,1.54,100g,1713931200000,1714536000000,1714508268496,1714508315720
571,682,4,9.99,375g,2.66,100g,1713931200000,1714536000000,1714508268508,1714508268508
572,465,4,5.99,375g,1.6,100g,1713931200000,1714536000000,1714508268515,1714508268515
573,683,4,9.99,400g,2.5,100g,1713931200000,1714536000000,1714508268521,1714508268521
574,684,4,6.49,250g,2.6,100g,1713931200000,1714536000000,1714508268528,1714508268528
575,685,4,9.99,400g,2.5,100g,1713931200000,1714536000000,1714508268536,1714508268536
576,686,4,9.99,400g,2.5,100g,1713931200000,1714536000000,1714508268545,1714508268545
577,687,4,3.49,227g,1.54,100g,1713931200000,1714536000000,1714508268550,1714508268550
578,688,4,5.99,375g,1.6,100g,1713931200000,1714536000000,1714508268557,1714508268557
579,689,4,9.99,400g,2.5,100g,1713931200000,1714536000000,1714508268567,1714508268567
580,690,4,6.49,300g,2.16,100g,1713931200000,1714536000000,1714508268583,1714508268583
581,691,4,6.88,500g,1.38,100g,1713931200000,1714536000000,1714508268593,1714508268593
582,692,4,6.49,300g,2.16,100g,1713931200000,1714536000000,1714508268600,1714508268600
583,693,4,7.99,250g,3.2,100g,1713931200000,1714536000000,1714508268606,1714508268606
584,694,4,7.99,250g,3.2,100g,1713931200000,1714536000000,1714508268612,1714508268612
585,695,4,5.99,250g,2.4,100g,1713931200000,1714536000000,1714508277797,1714508277797
586,696,4,3.49,227g,1.54,100g,1713931200000,1714536000000,1714508277804,1714508277804
587,697,4,9.99,400g,2.5,100g,1713931200000,1714536000000,1714508277811,1714508277811
588,698,4,2.29,225g,1.02,100g,1713931200000,1714536000000,1714508277821,1714508277821
589,699,4,2.29,225g,1.02,100g,1713931200000,1714536000000,1714508277833,1714508277833
590,700,4,2.29,225g,1.02,100g,1713931200000,1714536000000,1714508277843,1714508277843
591,701,4,9.99,400g,2.5,100g,1713931200000,1714536000000,1714508277851,1714508277851
592,702,4,2.29,225g,1.02,100g,1713931200000,1714536000000,1714508277856,1714508277856
593,703,4,2.29,225g,1.02,100g,1713931200000,1714536000000,1714508277862,1714508277862
594,704,4,6.88,300g,2.29,100g,1713931200000,1714536000000,1714508277868,1714508277868
595,398,4,5.99,300g,2,100g,1713931200000,1714536000000,1714508277874,1714508277874
596,705,4,6.88,610g,1.13,100g,1713931200000,1714536000000,1714508277881,1714508277881
597,706,4,2.29,225g,1.02,100g,1713931200000,1714536000000,1714508277892,1714508277892
598,231,4,6.88,375g,1.83,100g,1713931200000,1714536000000,1714508277897,1714508277897
599,707,4,6.88,300g,2.29,100g,1713931200000,1714536000000,1714508277904,1714508277904
600,708,4,6.88,300g,2.29,100g,1713931200000,1714536000000,1714508277910,1714508277910
601,709,4,3.49,200g,1.75,100g,1713931200000,1714536000000,1714508277919,1714508277919
602,710,4,6.49,300g,2.16,100g,1713931200000,1714536000000,1714508277928,1714508277928
603,711,4,3.49,227g,1.54,100g,1713931200000,1714536000000,1714508277935,1714508277935
604,712,4,5.99,175g,3.42,100g,1713931200000,1714536000000,1714508277944,1714508277944
605,713,4,6.49,150g,4.33,100g,1713931200000,1714536000000,1714508277953,1714508277953
606,714,4,3.49,227g,1.54,100g,1713931200000,1714536000000,1714508277961,1714508277961
607,715,4,6.88,300g,2.29,100g,1713931200000,1714536000000,1714508277969,1714508277969
608,716,4,6.49,150g,4.33,100g,1713931200000,1714536000000,1714508277977,1714508277977
609,717,4,6.49,300g,2.16,100g,1713931200000,1714536000000,1714508277986,1714508277986
610,718,4,6.88,500g,1.38,100g,1713931200000,1714536000000,1714508284635,1714508284635
611,719,4,7.49,"340g,size51-60",2.2,100g,1714536000000,1715140800000,1714508298829,1714848642278
612,720,4,7.49,"340g,size51-60",2.2,100g,1713931200000,1714536000000,1714508298837,1714508298837
613,721,4,7.99,130g,6.15,100g,1713931200000,1714536000000,1714508298844,1714508298844
614,722,4,3.49,400g,0.87,100g,1713931200000,1714536000000,1714508298851,1714508298851
615,723,4,17.42,"",9.88,lb,1713931200000,1714536000000,1714508298857,1714508298857
616,527,4,4.88,454g,1.07,100g,1713931200000,1714536000000,1714508315549,1714508315549
617,724,4,3.99,1.5L,0.27,100ml,1714536000000,1715140800000,1714508315555,1714848658890
618,517,4,4.88,454g,1.07,100g,1713931200000,1714536000000,1714508315560,1714508315560
619,725,4,3.99,1.5L,0.27,100ml,1714536000000,1715140800000,1714508315568,1714848669748
620,726,4,5.99,16x100g,0.37,100g,1713931200000,1714536000000,1714508315577,1714508315577
621,727,4,4.88,2L,0.24,100ml,1713931200000,1714536000000,1714508315592,1714508315592
622,728,4,3.49,6x93mL,0.63,100ml,1713931200000,1714536000000,1714508315602,1714508315602
623,729,4,5.99,16x100g,0.37,100g,1713931200000,1714536000000,1714508315613,1714508315613
624,730,4,4.88,2L,0.24,100ml,1713931200000,1714536000000,1714508315648,1714508315648
625,731,4,4.49,12x100g,0.37,100g,1713931200000,1714536000000,1714508315658,1714508315658
626,732,4,5.99,16x100g,0.37,100g,1713931200000,1714536000000,1714508315668,1714508315668
627,733,4,5.99,16x100g,0.37,100g,1713931200000,1714536000000,1714508315678,1714508315678
628,734,4,3.49,6x93mL,0.63,100ml,1713931200000,1714536000000,1714508315689,1714508315689
629,735,4,3.49,6x93mL,0.63,100ml,1713931200000,1714536000000,1714508315699,1714508315699
630,736,4,4.49,12x100g,0.37,100g,1713931200000,1714536000000,1714508315709,1714508315709
631,737,4,3.49,6x93mL,0.63,100ml,1713931200000,1714536000000,1714508315731,1714508315731
632,738,4,4.88,4L,0.12,100ml,1713931200000,1714536000000,1714508315742,1714508315742
633,739,4,4.88,2L,0.24,100ml,1713931200000,1714536000000,1714508315753,1714508315753
634,740,4,4.49,12x100g,0.37,100g,1713931200000,1714536000000,1714508315761,1714508315761
635,741,4,4.99,200g,2.5,100g,1713931200000,1714536000000,1714508315769,1714508315769
636,742,4,4.88,2L,0.24,100ml,1713931200000,1714536000000,1714508315781,1714508315781
637,743,4,4.99,850g,0.59,100g,1713931200000,1714536000000,1714508315789,1714508315789
638,744,4,3.88,3x43g,3.01,100g,1713931200000,1714536000000,1714508322760,1714508322760
639,745,4,4.88,1.5L,0.33,100ml,1713931200000,1714536000000,1714508322770,1714508322770
640,746,4,3.88,3x43g,3.01,100g,1713931200000,1714536000000,1714508322780,1714508322780
641,747,4,5.99,16x100g,0.37,100g,1713931200000,1714536000000,1714508322790,1714508322790
642,748,4,3.49,6x93mL,3.75,100ml,1713931200000,1714536000000,1714508322801,1714508322801
643,749,4,3.49,227g,1.54,100g,1713931200000,1714536000000,1714508322813,1714508322813
644,750,4,4.99,750g,0.67,100g,1713931200000,1714536000000,1714508322823,1714508322823
645,751,4,4.99,750g,0.67,100g,1713931200000,1714536000000,1714508322830,1714508322830
646,752,4,4.88,1.5L,0.33,100ml,1713931200000,1714536000000,1714508322835,1714508322835
647,753,4,4.88,1.5L,0.33,100ml,1713931200000,1714536000000,1714508322841,1714508322841
648,754,4,4.99,750g,0.67,100g,1713931200000,1714536000000,1714508322849,1714508322849
649,755,4,5.99,16x100g,5.99,100g,1713931200000,1714536000000,1714508322855,1714508322855
650,756,4,4.88,1.5L,0.33,100ml,1713931200000,1714536000000,1714508322861,1714508322861
651,757,4,3.88,220g,1.76,100g,1713931200000,1714536000000,1714508322867,1714508322867
652,149,4,3.88,240g,1.62,100g,1713931200000,1714536000000,1714508322875,1714508322875
653,758,4,3.88,220g,1.76,100g,1713931200000,1714536000000,1714508322882,1714508322882
654,112,4,3.88,240g,1.62,100g,1713931200000,1714536000000,1714508322890,1714508322890
655,759,4,3.88,220g,1.76,100g,1713931200000,1714536000000,1714508322899,1714508322899
656,760,4,3.88,220g,1.76,100g,1713931200000,1714536000000,1714508322906,1714508322906
657,761,4,3.49,4x100g,0.87,100g,1714536000000,1715140800000,1714508322917,1714848678478
658,762,4,23.13,"",10.49,lb,1713931200000,1714536000000,1714508322924,1714508322924
659,763,4,4.99,200g,2.5,100g,1713931200000,1714536000000,1714508322932,1714508322932
660,764,4,4.49,12x100g,0.37,100g,1713931200000,1714536000000,1714508322941,1714508322941
661,765,4,3.88,1.75L,0.22,100ml,1713931200000,1714536000000,1714508338797,1714508338797
662,328,4,3.88,1.75L,0.22,100ml,1713931200000,1714536000000,1714508338803,1714508338803
663,766,4,3.88,1.75L,0.22,100ml,1713931200000,1714536000000,1714508338811,1714508338811
664,767,4,3.88,1.54L,0.25,100ml,1713931200000,1714536000000,1714508338821,1714508338821
665,768,4,3.88,1.54L,0.25,100ml,1713931200000,1714536000000,1714508338828,1714508338828
666,769,4,3.88,1.54L,0.25,100ml,1713931200000,1714536000000,1714508338842,1714508338842
667,190,4,3.88,1.54L,0.25,100ml,1713931200000,1714536000000,1714508338855,1714508338855
668,770,4,3.88,1.54L,0.25,100ml,1713931200000,1714536000000,1714508338867,1714508338867
669,771,4,3.88,1.54L,0.25,100ml,1713931200000,1714536000000,1714508338879,1714508338879
670,772,4,3.88,1.54L,0.25,100ml,1713931200000,1714536000000,1714508338891,1714508338891
671,773,4,3.88,1.54L,0.25,100ml,1713931200000,1714536000000,1714508338903,1714508338903
672,774,4,6.99,8un,0.87,un,1713931200000,1714536000000,1714508351019,1714508351019
673,775,4,5.99,84un,0.07,un,1714536000000,1715140800000,1714508351024,1714848720477
674,776,4,6.99,4un,1.75,un,1713931200000,1714536000000,1714508351030,1714508351030
675,777,4,5.99,84un,0.07,un,1714536000000,1715140800000,1714508351036,1714848720395
676,778,4,5.99,35un,0.17,un,1713931200000,1714536000000,1714508351041,1714508351041
677,779,3,4.99,316 g,1.58,100g,1714536000000,1715140800000,1714848499978,1714848499978
678,780,3,3.99,200 g,2,100g,1714536000000,1715140800000,1714848499991,1714848499991
679,781,3,4.99,319 g,1.56,100g,1714536000000,1715140800000,1714848500003,1714848500003
680,782,3,4.99,360 g,1.39,100g,1714536000000,1715140800000,1714848500043,1714848500043
681,8,3,3.99,1.36 kg,0.29,100g,1714536000000,1715140800000,1714848500052,1714848500052
682,783,3,3.49,0.68 kg,0.51,100g,1714536000000,1715140800000,1714848500073,1714848500073
683,784,3,1.29,1 bunch,1.29,1ea,1714536000000,1715140800000,1714848500095,1714848500095
684,785,3,4.99,341 g,1.5,100g,1714536000000,1715140800000,1714848500108,1714848500108
685,786,3,4.99,0.328 kg,1.52,100g,1714536000000,1715140800000,1714848500123,1714848500123
686,787,3,4.99,319 g,1.56,100g,1714536000000,1715140800000,1714848500141,1714848500141
687,788,3,3.99,225 g,1.77,100g,1714536000000,1715140800000,1714848500151,1714848500151
688,789,3,2.99,1 ea,2.99,1ea,1714536000000,1715140800000,1714848500161,1714848500161
689,790,3,1.29,1 bunch,1.29,1ea,1714536000000,1715140800000,1714848500196,1714848500196
690,791,3,3.99,225 g,1.77,100g,1714536000000,1715140800000,1714848500213,1714848500213
691,792,3,4.99,336 g,1.49,100g,1714536000000,1715140800000,1714848500225,1714848500225
692,793,3,3.49,0.68 kg,0.51,100g,1714536000000,1715140800000,1714848500248,1714848500248
693,794,3,4.99,315 g,1.58,100g,1714536000000,1715140800000,1714848500261,1714848500261
694,795,3,3.99,200 g,2,100g,1714536000000,1715140800000,1714848500275,1714848500275
695,796,3,4.99,383 g,1.3,100g,1714536000000,1715140800000,1714848500294,1714848500294
696,797,3,3.49,0.68 kg,0.51,100g,1714536000000,1715140800000,1714848500307,1714848500307
697,798,3,5.99,340 g,1.76,100g,1714536000000,1715140800000,1714848519082,1714848535368
698,42,3,10.99,1.02 kg,1.08,100g,1714536000000,1715140800000,1714848519095,1714848519095
699,799,3,6.99,500 g,1.4,100g,1714536000000,1715140800000,1714848519108,1714848519108
700,800,3,10.99,600 g,1.83,100g,1714536000000,1715140800000,1714848519124,1714848519124
701,801,3,5.99,300 g,2,100g,1714536000000,1715140800000,1714848519136,1714848535459
702,45,3,10.99,1.13 kg,0.97,100g,1714536000000,1715140800000,1714848519147,1714848519147
703,44,3,10.99,1.02 kg,1.08,100g,1714536000000,1715140800000,1714848519161,1714848519161
704,802,3,6.99,500 g,1.4,100g,1714536000000,1715140800000,1714848519175,1714848519175
705,803,3,6.99,500 g,1.4,100g,1714536000000,1715140800000,1714848519188,1714848519188
706,804,3,5.99,500 g,1.2,100g,1714536000000,1715140800000,1714848519199,1714848519199
707,805,3,5.99,0.375 kg,1.6,100g,1714536000000,1715140800000,1714848519243,1714848519243
708,59,3,10.99,568 g,1.93,100g,1714536000000,1715140800000,1714848519257,1714848519257
709,806,3,5.99,400 g,1.5,100g,1714536000000,1715140800000,1714848519273,1714848535684
710,807,3,10.99,600 g,1.83,100g,1714536000000,1715140800000,1714848519332,1714848519332
711,808,3,9.91,1lb,8.99,1lb,1714536000000,1715140800000,1714848519345,1714848519345
712,809,3,1.44,2x150.0 g,0.48,100g,1714536000000,1715140800000,1714848535386,1714848535771
713,810,3,4.99,170 g,2.94,100g,1714536000000,1715140800000,1714848535397,1714848535397
714,811,3,1.77,200 g,0.89,100g,1714536000000,1715140800000,1714848535410,1714848535410
715,812,3,1.77,200 g,0.89,100g,1714536000000,1715140800000,1714848535426,1714848535426
716,813,3,4.99,125 g,3.99,100g,1714536000000,1715140800000,1714848535472,1714848535472
717,814,3,4.99,200 g,2.5,100g,1714536000000,1715140800000,1714848535488,1714848535488
718,815,3,1.77,225 g,0.79,100g,1714536000000,1715140800000,1714848535513,1714848535513
719,816,3,4.99,170 g,2.94,100g,1714536000000,1715140800000,1714848535528,1714848535528
720,817,3,4.99,200 g,2.5,100g,1714536000000,1715140800000,1714848535567,1714848535755
721,818,3,1.77,200 g,0.89,100g,1714536000000,1715140800000,1714848535588,1714848535588
722,819,3,4.99,200 g,2.5,100g,1714536000000,1715140800000,1714848535630,1714848535630
723,820,3,1.44,300 g,0.48,100g,1714536000000,1715140800000,1714848535644,1714848535644
724,821,3,4.99,190 g,2.63,100g,1714536000000,1715140800000,1714848535668,1714848535668
725,822,3,1.77,200 g,0.89,100g,1714536000000,1715140800000,1714848535707,1714848535707
726,823,3,1.77,100 g,1.77,100g,1714536000000,1715140800000,1714848535719,1714848535719
727,824,3,4.99,170 g,2.94,100g,1714536000000,1715140800000,1714848535743,1714848535743
728,825,3,4.99,280 g,1.78,100g,1714536000000,1715140800000,1714848554877,1714848554877
729,826,3,4.99,280 g,1.78,100g,1714536000000,1715140800000,1714848554900,1714848554900
730,827,3,3.99,300 ml,1.33,100ml,1714536000000,1715140800000,1714848554946,1714848554988
731,828,3,5.49,450 g,1.22,100g,1714536000000,1715140800000,1714848554968,1714848554968
732,829,3,5.49,450 g,1.22,100g,1714536000000,1715140800000,1714848554975,1714848554975
733,830,4,1.5,Approximately5tomatoespercluster,0.88,lb,1714536000000,1715140800000,1714848557644,1714848557644
734,831,4,9.88,750g,1.32,100g,1714536000000,1715140800000,1714848557676,1714848557676
735,210,4,0.85,"",1.28,lb,1714536000000,1715140800000,1714848557712,1714848557712
736,832,4,1.68,397g,0.42,100g,1714536000000,1715140800000,1714848557749,1714848557749
737,833,4,0.57,"",1.15,lb,1714536000000,1715140800000,1714848557785,1714848557785
738,834,4,3.88,Soldindividually,3.88,un,1714536000000,1715140800000,1714848557804,1714848557804
739,835,4,0.66,"",2.98,lb,1714536000000,1715140800000,1714848557859,1714848557859
740,836,4,0.85,"",1.28,lb,1714536000000,1715140800000,1714848557868,1714848557868
741,837,4,5,Soldindividually,1.67,un,1714536000000,1715140800000,1714848557877,1714848557877
742,838,4,4.98,1.135kg,0.44,100g,1714536000000,1715140800000,1714848567375,1714848567375
743,839,4,4.77,340g,1.4,100g,1714536000000,1715140800000,1714848567381,1714848620901
744,840,4,3.77,142g,2.65,100g,1714536000000,1715140800000,1714848567384,1714848567384
745,841,4,3.77,142g,2.65,100g,1714536000000,1715140800000,1714848567388,1714848567388
746,842,4,3.77,142g,2.65,100g,1714536000000,1715140800000,1714848567391,1714848567391
747,843,4,2.07,"",1.88,lb,1714536000000,1715140800000,1714848567450,1714848567450
748,844,3,12.99,454 g,2.86,100g,1714536000000,1715140800000,1714848567901,1714848567901
749,845,4,9.88,1kg,0.99,100g,1714536000000,1715140800000,1714848577774,1714848577774
750,846,4,4.98,3lb,0.37,100g,1714536000000,1715140800000,1714848577784,1714848577784
751,847,4,17.99,908g,1.98,100g,1714536000000,1715140800000,1714848577799,1714848577799
752,848,4,2.98,170g,1.75,100g,1714536000000,1715140800000,1714848577827,1714848577827
753,849,3,4.49,210 g,2.14,100g,1714536000000,1715140800000,1714848584668,1714848584668
754,850,3,5.77,336 g,1.72,100g,1714536000000,1715140800000,1714848584677,1714848584677
755,851,3,4.44,320 g,1.39,100g,1714536000000,1715140800000,1714848584687,1714848584687
756,852,3,4.49,210 g,2.14,100g,1714536000000,1715140800000,1714848584697,1714848584697
757,853,3,4.49,210 g,2.14,100g,1714536000000,1715140800000,1714848584706,1714848584706
758,854,3,2.49,650 g,0.38,100g,1714536000000,1715140800000,1714848584720,1714848584720
759,855,3,2.49,750 g,0.33,100g,1714536000000,1715140800000,1714848584733,1714848584733
760,856,3,4.49,210 g,2.14,100g,1714536000000,1715140800000,1714848584744,1714848584744
761,857,3,2.49,750 g,0.33,100g,1714536000000,1715140800000,1714848584757,1714848584757
762,858,3,3.99,450 g,0.89,100g,1714536000000,1715140800000,1714848584770,1714848584770
763,859,3,5.77,320 g,1.8,100g,1714536000000,1715140800000,1714848584778,1714848584778
764,860,3,4.99,850 g,0.59,100g,1714536000000,1715140800000,1714848584786,1714848584786
765,113,3,1.49,473 ml,0.32,100ml,1714536000000,1715140800000,1714848584800,1714848584800
766,861,3,4.44,320 g,1.39,100g,1714536000000,1715140800000,1714848584810,1714848584810
767,862,3,4.44,400 g,1.11,100g,1714536000000,1715140800000,1714848584819,1714848584819
768,863,3,5.77,336 g,1.72,100g,1714536000000,1715140800000,1714848584829,1714848584829
769,864,3,3.99,410 g,0.97,100g,1714536000000,1715140800000,1714848584854,1714848584854
770,865,3,5.77,252 g,2.29,100g,1714536000000,1715140800000,1714848584866,1714848584866
771,866,3,4.44,400 g,1.11,100g,1714536000000,1715140800000,1714848584874,1714848584874
772,867,3,4.44,400 g,1.11,100g,1714536000000,1715140800000,1714848584885,1714848584885
773,868,3,2.99,473 ml,0.63,100ml,1714536000000,1715140800000,1714848584900,1714848584900
774,869,3,3.49,500 g,0.7,100g,1714536000000,1715140800000,1714848584916,1714848596575
775,129,3,6.49,500 g,1.3,100g,1714536000000,1715140800000,1714848584925,1714848596489
776,870,3,5.49,750 g,0.73,100g,1714536000000,1715140800000,1714848584938,1714848596373
777,871,3,5.49,650 g,0.84,100g,1714536000000,1715140800000,1714848584950,1714848596344
778,872,3,5.49,750 g,0.73,100g,1714536000000,1715140800000,1714848584958,1714848596661
779,873,3,5.49,750 g,0.73,100g,1714536000000,1715140800000,1714848584966,1714848596362
780,874,3,4.44,320 g,1.39,100g,1714536000000,1715140800000,1714848585007,1714848585007
781,875,3,5.29,2 l,0.26,100ml,1714536000000,1715140800000,1714848585016,1714848585016
782,133,3,6.49,500 g,1.3,100g,1714536000000,1715140800000,1714848585023,1714848585023
783,876,3,2.49,650 g,0.38,100g,1714536000000,1715140800000,1714848585042,1714848585042
784,877,3,2.49,750 g,0.33,100g,1714536000000,1715140800000,1714848585049,1714848585049
785,878,3,3.49,4x113.0 g,0.77,100g,1714536000000,1715140800000,1714848585057,1714848585057
786,879,3,2.99,473 ml,0.63,100ml,1714536000000,1715140800000,1714848585066,1714848585066
787,880,3,2.49,625 g,0.4,100g,1714536000000,1715140800000,1714848585074,1714848585094
788,881,3,4.44,320 g,1.39,100g,1714536000000,1715140800000,1714848585102,1714848585102
789,882,3,4.44,320 g,1.39,100g,1714536000000,1715140800000,1714848585110,1714848585110
790,883,3,3.99,410 g,0.97,100g,1714536000000,1715140800000,1714848585119,1714848585119
791,905,3,4.44,320 g,1.39,100g,1714536000000,1715140800000,1714848596308,1714848596308
792,906,3,4.44,320 g,1.39,100g,1714536000000,1715140800000,1714848596317,1714848596317
793,907,3,2.49,750 g,0.33,100g,1714536000000,1715140800000,1714848596325,1714848596325
794,908,3,5.77,252 g,2.29,100g,1714536000000,1715140800000,1714848596335,1714848596335
795,140,3,1.49,473 ml,0.32,100ml,1714536000000,1715140800000,1714848596351,1714848596351
796,909,3,2.49,750 g,0.33,100g,1714536000000,1715140800000,1714848596391,1714848596391
797,910,3,4.44,320 g,1.39,100g,1714536000000,1715140800000,1714848596398,1714848596398
798,911,3,4.99,18 eggs,0.28,1ea,1714536000000,1715140800000,1714848596421,1714848596421
799,912,3,4.44,320 g,1.39,100g,1714536000000,1715140800000,1714848596429,1714848596429
800,913,3,4.44,400 g,1.11,100g,1714536000000,1715140800000,1714848596437,1714848596437
801,914,3,2.49,750 g,0.33,100g,1714536000000,1715140800000,1714848596460,1714848596460
802,915,3,4.49,210 g,2.14,100g,1714536000000,1715140800000,1714848596504,1714848596504
803,916,3,2.99,1 l,0.3,100ml,1714536000000,1715140800000,1714848596520,1714848596520
804,917,3,2.49,650 g,0.38,100g,1714536000000,1715140800000,1714848596536,1714848596537
805,918,3,3.99,410 g,0.97,100g,1714536000000,1715140800000,1714848596554,1714848596554
806,919,3,4.44,400 g,1.11,100g,1714536000000,1715140800000,1714848596587,1714848596587
807,920,3,2.99,1 l,0.3,100ml,1714536000000,1715140800000,1714848596595,1714848596595
808,921,3,4.44,400 g,1.11,100g,1714536000000,1715140800000,1714848596624,1714848596624
809,922,3,4.44,400 g,1.11,100g,1714536000000,1715140800000,1714848596671,1714848596671
810,923,4,13.2,"5CenterCut,1Sirloinand2Ribs",3.99,lb,1714536000000,1715140800000,1714848603542,1714848603542
811,924,4,13.2,"",3.99,lb,1714536000000,1715140800000,1714848603548,1714848603548
812,925,4,9.69,"",10.99,lb,1714536000000,1715140800000,1714848603553,1714848603553
813,57,4,4.16,"",4.49,lb,1714536000000,1715140800000,1714848603559,1714848603559
814,926,4,7.87,"",5.49,lb,1714536000000,1715140800000,1714848603564,1714848603564
815,927,4,10.99,660g,1.67,100g,1714536000000,1715140800000,1714848603569,1714848603569
816,928,4,13.99,695g,2.01,100g,1714536000000,1715140800000,1714848603573,1714848603573
817,929,4,6.83,"",9.99,lb,1714536000000,1715140800000,1714848603579,1714848603579
818,930,4,22.02,"",9.99,lb,1714536000000,1715140800000,1714848603584,1714848603584
819,931,4,20.49,"",10.49,lb,1714536000000,1715140800000,1714848603589,1714848603589
820,932,4,12.54,"",12.99,lb,1714536000000,1715140800000,1714848603594,1714848603594
821,933,4,13.38,"",3.79,lb,1714536000000,1715140800000,1714848603601,1714848603601
822,934,4,5.28,1rackpertray,5.99,lb,1714536000000,1715140800000,1714848603614,1714848603614
823,159,3,5.99,80 ea,0.07,1ea,1714536000000,1715140800000,1714848615319,1714848615319
824,935,3,3.99,1.89 l,0.21,100ml,1714536000000,1715140800000,1714848615330,1714848615330
825,936,3,3.99,1.89 l,0.21,100ml,1714536000000,1715140800000,1714848615342,1714848615342
826,937,3,1.25,960 ml,0.13,100ml,1714536000000,1715140800000,1714848615354,1714848615354
827,938,3,1.25,960 ml,0.13,100ml,1714536000000,1715140800000,1714848615378,1714848615378
828,939,3,2.29,1.75 l,0.13,100ml,1714536000000,1715140800000,1714848615437,1714848615437
829,940,3,3.99,1.89 l,0.21,100ml,1714536000000,1715140800000,1714848615446,1714848615446
830,941,3,3.99,1.89 l,0.21,100ml,1714536000000,1715140800000,1714848615455,1714848615455
831,942,3,3.99,1.89 l,0.21,100ml,1714536000000,1715140800000,1714848615466,1714848615466
832,943,3,2,250 ml,0.8,100ml,1714536000000,1715140800000,1714848615483,1714848615483
833,944,3,2,250 ml,0.8,100ml,1714536000000,1715140800000,1714848615492,1714848615492
834,167,3,5.99,80 ea,0.07,1ea,1714536000000,1715140800000,1714848615503,1714848615503
835,945,3,1.25,960 ml,0.13,100ml,1714536000000,1715140800000,1714848615562,1714848615562
836,180,3,5.99,80 ea,0.07,1ea,1714536000000,1715140800000,1714848615572,1714848615572
837,946,3,1.25,960 ml,0.13,100ml,1714536000000,1715140800000,1714848615580,1714848615580
838,947,3,3.99,1.89 l,0.21,100ml,1714536000000,1715140800000,1714848615587,1714848615587
839,948,3,1.25,960 ml,0.13,100ml,1714536000000,1715140800000,1714848615596,1714848615596
840,949,3,3.99,1.89 l,0.21,100ml,1714536000000,1715140800000,1714848615618,1714848615618
841,950,3,3.99,1.89 l,0.21,100ml,1714536000000,1715140800000,1714848615627,1714848615627
842,951,3,2,250 ml,0.8,100ml,1714536000000,1715140800000,1714848615636,1714848615636
843,952,3,2.29,1.75 l,0.13,100ml,1714536000000,1715140800000,1714848615644,1714848615644
844,953,3,2.29,1.75 l,0.13,100ml,1714536000000,1715140800000,1714848615653,1714848615653
845,954,3,2.29,1.75 l,0.13,100ml,1714536000000,1715140800000,1714848615664,1714848615664
846,192,3,5.99,80 ea,0.07,1ea,1714536000000,1715140800000,1714848615672,1714848615672
847,955,3,3.99,1.77 l,0.23,100ml,1714536000000,1715140800000,1714848615682,1714848625547
848,184,3,5.99,144 ea,0.04,1ea,1714536000000,1715140800000,1714848615691,1714848615691
849,956,3,3.99,1.89 l,0.21,100ml,1714536000000,1715140800000,1714848615701,1714848615701
850,957,3,3.99,1.89 l,0.21,100ml,1714536000000,1715140800000,1714848615711,1714848615711
851,958,3,3.99,1.89 l,0.21,100ml,1714536000000,1715140800000,1714848615724,1714848615724
852,191,3,11.49,24x355.0 ml,0.13,100ml,1714536000000,1715140800000,1714848615762,1714848615762
853,959,3,1.25,960 ml,0.13,100ml,1714536000000,1715140800000,1714848615773,1714848615773
854,960,3,1.25,960 ml,0.13,100ml,1714536000000,1715140800000,1714848615786,1714848615786
855,961,3,2.29,1.75 l,0.13,100ml,1714536000000,1715140800000,1714848615798,1714848615798
856,962,3,2,250 ml,0.8,100ml,1714536000000,1715140800000,1714848615829,1714848615829
857,93,4,3.99,800g,0.5,100g,1714536000000,1715140800000,1714848620834,1714848620834
858,963,4,13.99,700g,2,100g,1714536000000,1715140800000,1714848620839,1714848620839
859,964,4,3.99,800g,0.5,100g,1714536000000,1715140800000,1714848620845,1714848620845
860,965,4,3.99,800g,0.5,100g,1714536000000,1715140800000,1714848620855,1714848620855
861,966,4,7.99,300g,2.66,100g,1714536000000,1715140800000,1714848620861,1714848620861
862,967,4,2.5,75g,3.33,100g,1714536000000,1715140800000,1714848620869,1714848620869
863,968,4,2.5,75g,3.33,100g,1714536000000,1715140800000,1714848620874,1714848620874
864,969,4,2.5,75g,3.33,100g,1714536000000,1715140800000,1714848620879,1714848620879
865,970,4,2.5,90g,2.78,100g,1714536000000,1715140800000,1714848620885,1714848620885
866,971,4,2.5,81g,3.09,100g,1714536000000,1715140800000,1714848620890,1714848620890
867,972,4,2.5,81g,3.09,100g,1714536000000,1715140800000,1714848620895,1714848620895
868,973,4,2.5,120g,2.08,100g,1714536000000,1715140800000,1714848620907,1714848620907
869,974,4,2.5,120g,2.08,100g,1714536000000,1715140800000,1714848620917,1714848620917
870,975,4,2.5,75g,3.33,100g,1714536000000,1715140800000,1714848620923,1714848620923
871,976,4,2.5,75g,3.33,100g,1714536000000,1715140800000,1714848620947,1714848620947
872,977,4,7.99,200g,4,100g,1714536000000,1715140800000,1714848620962,1714848620962
873,978,4,7.99,200g,4,100g,1714536000000,1715140800000,1714848620969,1714848620969
874,388,4,7.99,375g,2.13,100g,1714536000000,1715140800000,1714848620977,1714848620977
875,979,4,3.49,227g,1.54,100g,1714536000000,1715140800000,1714848620984,1714848620984
876,980,4,3.49,227g,1.54,100g,1714536000000,1715140800000,1714848620991,1714848620991
877,981,3,2.29,1.75 l,0.13,100ml,1714536000000,1715140800000,1714848625481,1714848625481
878,982,3,1.25,960 ml,0.13,100ml,1714536000000,1715140800000,1714848625490,1714848625490
879,199,3,11.49,24x355.0 ml,0.13,100ml,1714536000000,1715140800000,1714848625507,1714848625507
880,983,3,3.99,1.89 l,0.21,100ml,1714536000000,1715140800000,1714848625527,1714848625527
881,984,3,1.25,960 ml,0.13,100ml,1714536000000,1715140800000,1714848625538,1714848625538
882,985,3,2,250 ml,0.8,100ml,1714536000000,1715140800000,1714848625560,1714848625560
883,986,4,2.5,90g,2.78,100g,1714536000000,1715140800000,1714848627894,1714848627894
884,987,4,2.5,90g,2.78,100g,1714536000000,1715140800000,1714848627899,1714848627899
885,988,4,2.5,90g,2.78,100g,1714536000000,1715140800000,1714848627904,1714848627904
886,989,4,2.5,90g,2.78,100g,1714536000000,1715140800000,1714848627908,1714848627908
887,990,4,2.5,102g,2.45,100g,1714536000000,1715140800000,1714848627913,1714848627913
888,991,3,13.99,30 ea,0.47,1ea,1714536000000,1715140800000,1714848640533,1714848640533
889,992,3,8.99,4.43 l,0.2,100ml,1714536000000,1715140800000,1714848640557,1714848640557
890,993,3,8.99,4.43 l,0.2,100ml,1714536000000,1715140800000,1714848640578,1714848640614
891,353,3,10.99,20 ea,0.55,1ea,1714536000000,1715140800000,1714848640588,1714848640588
892,994,3,8.99,200 ea,0.04,1ea,1714536000000,1715140800000,1714848640596,1714848640596
893,995,3,20.99,3.9 l,0.54,100ml,1714536000000,1715140800000,1714848640622,1714848640622
894,996,3,13.99,48 ea,0.29,1ea,1714536000000,1715140800000,1714848640631,1714848640631
895,997,3,13.99,39 ea,0.36,1ea,1714536000000,1715140800000,1714848640639,1714848640639
896,355,3,10.99,40 ea,0.27,1ea,1714536000000,1715140800000,1714848640648,1714848640648
897,998,3,8.99,3.5 l,0.26,100ml,1714536000000,1715140800000,1714848640658,1714848640658
898,999,3,20.99,3.9 l,0.54,100ml,1714536000000,1715140800000,1714848640669,1714848640669
899,1000,3,8.99,4 l,0.22,100ml,1714536000000,1715140800000,1714848640697,1714848640697
900,1001,3,20.99,3.9 l,0.54,100ml,1714536000000,1715140800000,1714848640706,1714848640706
901,1002,3,8.99,4 l,0.22,100ml,1714536000000,1715140800000,1714848640715,1714848640715
902,369,3,10.99,30 ea,0.37,1ea,1714536000000,1715140800000,1714848640764,1714848640764
903,366,3,10.99,24 ea,0.46,1ea,1714536000000,1715140800000,1714848640773,1714848640773
904,1003,4,5.98,227g,2.63,100g,1714536000000,1715140800000,1714848642285,1714848642285
905,1004,4,5.98,227g,2.63,100g,1714536000000,1715140800000,1714848642292,1714848642292
906,1005,4,5.98,227g,2.63,100g,1714536000000,1715140800000,1714848642298,1714848642298
907,1006,4,5.98,500g,1.2,100g,1714536000000,1715140800000,1714848642306,1714848642306
908,1007,4,6.99,340g,2.06,100g,1714536000000,1715140800000,1714848642313,1714848642313
909,1008,4,5.98,700g,0.85,100g,1714536000000,1715140800000,1714848642323,1714848642323
910,1009,4,5.98,500g,1.2,100g,1714536000000,1715140800000,1714848642331,1714848642331
911,1010,4,5.98,700g,0.85,100g,1714536000000,1715140800000,1714848642339,1714848642339
912,1011,4,5.98,515g,1.16,100g,1714536000000,1715140800000,1714848642349,1714848642349
913,1012,4,5.98,500g,1.2,100g,1714536000000,1715140800000,1714848642361,1714848642361
914,1013,4,5.98,500g,1.2,100g,1714536000000,1715140800000,1714848642373,1714848642373
915,1014,4,10.99,800g,1.37,100g,1714536000000,1715140800000,1714848642380,1714848642380
916,1015,4,14.87,"",8.99,lb,1714536000000,1715140800000,1714848642388,1714848642388
917,1016,4,5.98,350g,1.71,100g,1714536000000,1715140800000,1714848642399,1714848642399
918,1017,4,5.98,350g,1.71,100g,1714536000000,1715140800000,1714848642411,1714848642411
919,1018,4,5.98,700g,0.85,100g,1714536000000,1715140800000,1714848642420,1714848642420
920,1019,4,5.98,700g,0.85,100g,1714536000000,1715140800000,1714848642427,1714848642427
921,1020,4,5.98,550g,1.09,100g,1714536000000,1715140800000,1714848642436,1714848642436
922,1021,4,3.49,227g,1.54,100g,1714536000000,1715140800000,1714848658700,1714848669781
923,1022,4,3.99,250g,1.6,100g,1714536000000,1715140800000,1714848658706,1714848658706
924,1023,4,3.99,2L,0.2,100ml,1714536000000,1715140800000,1714848658722,1714848658722
925,1024,4,3.99,1.5L,0.27,100ml,1714536000000,1715140800000,1714848658729,1714848669758
926,858,4,3.99,450g,0.89,100g,1714536000000,1715140800000,1714848658737,1714848658737
927,1025,4,3.99,227g,1.76,100g,1714536000000,1715140800000,1714848658743,1714848658743
928,135,4,3.99,227g,1.76,100g,1714536000000,1715140800000,1714848658749,1714848658749
929,1026,4,3.99,227g,1.76,100g,1714536000000,1715140800000,1714848658760,1714848658760
930,1027,4,3.99,227g,1.76,100g,1714536000000,1715140800000,1714848658773,1714848658773
931,1028,4,5.99,16sticks,1.78,100g,1714536000000,1715140800000,1714848658782,1714848658782
932,1029,4,3.99,1.5L,0.27,100ml,1714536000000,1715140800000,1714848658789,1714848678497
933,1030,4,5.99,400g,1.5,100g,1714536000000,1715140800000,1714848658798,1714848658798
934,1031,4,3.99,250g,1.6,100g,1714536000000,1715140800000,1714848658810,1714848658810
935,1032,4,5.99,400g,1.5,100g,1714536000000,1715140800000,1714848658816,1714848658816
936,1033,4,5.49,200g,2.75,100g,1714536000000,1715140800000,1714848658826,1714848658826
937,1034,4,3.99,227g,1.76,100g,1714536000000,1715140800000,1714848658834,1714848658834
938,1035,4,5.49,475g,1.16,100g,1714536000000,1715140800000,1714848658841,1714848658841
939,1036,4,5.99,16sticks,1.78,100g,1714536000000,1715140800000,1714848658848,1714848658848
940,1037,4,3.99,227g,1.76,100g,1714536000000,1715140800000,1714848658854,1714848658854
941,814,4,5.49,200g,2.75,100g,1714536000000,1715140800000,1714848658862,1714848658862
942,512,4,5.99,400g,1.5,100g,1714536000000,1715140800000,1714848658871,1714848658871
943,1038,4,3.99,227g,1.76,100g,1714536000000,1715140800000,1714848658879,1714848658879
944,1039,4,5.49,475g,1.16,100g,1714536000000,1715140800000,1714848669667,1714848669667
945,1040,4,5.49,475g,1.16,100g,1714536000000,1715140800000,1714848669681,1714848669681
946,1041,4,5.49,200g,2.75,100g,1714536000000,1715140800000,1714848669687,1714848669687
947,1042,4,3.99,227g,1.76,100g,1714536000000,1715140800000,1714848669697,1714848669697
948,267,4,5.99,400g,1.5,100g,1714536000000,1715140800000,1714848669704,1714848669704
949,518,4,5.99,400g,1.5,100g,1714536000000,1715140800000,1714848669711,1714848669711
950,1043,4,5.99,252g,2.38,100g,1714536000000,1715140800000,1714848669716,1714848669716
951,1044,4,5.99,400g,1.5,100g,1714536000000,1715140800000,1714848669723,1714848669723
952,1045,4,5.99,252g,2.38,100g,1714536000000,1715140800000,1714848669729,1714848669729
953,1046,4,5.99,252g,2.38,100g,1714536000000,1715140800000,1714848669738,1714848669738
954,1047,4,5.99,252g,2.38,100g,1714536000000,1715140800000,1714848669770,1714848669770
955,1048,4,3.99,410g,0.97,100g,1714536000000,1715140800000,1714848669788,1714848669788
956,1049,4,5.99,400g,1.5,100g,1714536000000,1715140800000,1714848669800,1714848669800
957,1050,4,5.99,336g,1.78,100g,1714536000000,1715140800000,1714848669813,1714848669813
958,1051,4,5.99,320g,1.87,100g,1714536000000,1715140800000,1714848669823,1714848669823
959,142,4,5.99,400g,1.5,100g,1714536000000,1715140800000,1714848669833,1714848669833
960,1052,4,5.49,341g,1.61,100g,1714536000000,1715140800000,1714848669845,1714848669845
961,1053,4,5.99,400g,1.5,100g,1714536000000,1715140800000,1714848669859,1714848669859
962,203,4,5.99,400g,1.5,100g,1714536000000,1715140800000,1714848669868,1714848669868
963,1054,4,3.99,410g,0.97,100g,1714536000000,1715140800000,1714848669875,1714848669875
964,1055,4,5.99,400g,1.5,100g,1714536000000,1715140800000,1714848669883,1714848669883
965,1056,4,3.99,227g,1.76,100g,1714536000000,1715140800000,1714848669889,1714848669889
966,1057,4,3.99,410g,0.97,100g,1714536000000,1715140800000,1714848678421,1714848678421
967,1058,4,5.99,252g,2.38,100g,1714536000000,1715140800000,1714848678430,1714848678430
968,1059,4,3.99,250g,1.6,100g,1714536000000,1715140800000,1714848678437,1714848678437
969,1060,4,5.99,320g,1.87,100g,1714536000000,1715140800000,1714848678445,1714848678445
970,1061,4,5.99,300g,2,100g,1714536000000,1715140800000,1714848678456,1714848678456
971,1062,4,5.99,320g,1.87,100g,1714536000000,1715140800000,1714848678462,1714848678462
972,1063,4,3.49,4x100g,0.87,100g,1714536000000,1715140800000,1714848678469,1714848678469
973,1064,4,3.49,227g,1.54,100g,1714536000000,1715140800000,1714848678488,1714848678488
974,164,4,8.99,925g,0.97,100g,1714536000000,1715140800000,1714848692726,1714848692726
975,1065,4,2.98,24x500mL,0.02,100ml,1714536000000,1715140800000,1714848692734,1714848692734
976,325,4,2.99,8x200mL,0.19,100ml,1714536000000,1715140800000,1714848692741,1714848692749
977,1066,4,3.99,1.6L,0.25,100ml,1714536000000,1715140800000,1714848692756,1714848692756
978,1067,4,3.99,1.6L,0.25,100ml,1714536000000,1715140800000,1714848692765,1714848692765
979,1068,4,1.99,2L,0.1,100ml,1714536000000,1715140800000,1714848692775,1714848692775
980,1069,4,1.99,2L,0.1,100ml,1714536000000,1715140800000,1714848692787,1714848692787
981,1070,4,1.99,2L,0.1,100ml,1714536000000,1715140800000,1714848692798,1714848692798
982,542,4,2.79,1.89L,0.15,100ml,1714536000000,1715140800000,1714848692809,1714848692809
983,324,4,2.99,8x200mL,0.19,100ml,1714536000000,1715140800000,1714848692820,1714848692820
984,348,4,2.99,8x200mL,0.19,100ml,1714536000000,1715140800000,1714848692834,1714848692834
985,1071,4,4.49,1.5L,0.3,100ml,1714536000000,1715140800000,1714848692847,1714848692847
986,1072,4,2.99,8x200mL,0.19,100ml,1714536000000,1715140800000,1714848692858,1714848692858
987,1073,4,4.49,1.5L,0.3,100ml,1714536000000,1715140800000,1714848692871,1714848692871
988,1074,4,5.99,340g,1.76,100g,1714536000000,1715140800000,1714848692883,1714848692883
989,1075,4,2.99,8x200mL,1.5,100ml,1714536000000,1715140800000,1714848692896,1714848692896
990,1076,4,3.99,1.6L,0.25,100ml,1714536000000,1715140800000,1714848692909,1714848692909
991,1077,4,1.99,2L,0.1,100ml,1714536000000,1715140800000,1714848692925,1714848692925
992,1078,4,8.99,900g,1,100g,1714536000000,1715140800000,1714848692932,1714848692932
993,1079,4,2.99,8x200mL,1.5,100ml,1714536000000,1715140800000,1714848692942,1714848692942
994,1080,4,5.99,340g,1.76,100g,1714536000000,1715140800000,1714848692954,1714848692954
995,1081,4,5.99,340g,1.76,100g,1714536000000,1715140800000,1714848692962,1714848692962
996,1082,4,1.99,2L,0.1,100ml,1714536000000,1715140800000,1714848692970,1714848692970
997,1083,4,3.99,1.6L,0.25,100ml,1714536000000,1715140800000,1714848692981,1714848692981
998,1084,4,5.99,340g,1.76,100g,1714536000000,1715140800000,1714848702206,1714848702206
999,1085,4,5.99,12un,0.5,un,1714536000000,1715140800000,1714848702209,1714848702209
1000,1086,4,5.99,12un,0.5,un,1714536000000,1715140800000,1714848702214,1714848702214
1001,1087,4,1.99,2L,0.1,100ml,1714536000000,1715140800000,1714848702216,1714848702216
1002,1088,4,5.99,12un,0.5,un,1714536000000,1715140800000,1714848702219,1714848702219
1003,1089,4,5.99,12un,0.5,un,1714536000000,1715140800000,1714848702222,1714848702222
1004,1090,4,5.99,12un,0.5,un,1714536000000,1715140800000,1714848702225,1714848702225
1005,1091,4,10.98,6un,1.83,un,1714536000000,1715140800000,1714848720315,1714848720315
1006,1092,4,10.98,24x242un,0.19,100sheet,1714536000000,1715140800000,1714848720320,1714848720320
1007,1093,4,5,828mL,0.3,100ml,1714536000000,1715140800000,1714848720326,1714848720326
1008,1094,4,5,591mL,0.42,100ml,1714536000000,1715140800000,1714848720333,1714848720333
1009,1095,4,5,591mL,0.42,100ml,1714536000000,1715140800000,1714848720339,1714848720339
1010,1096,4,5,828mL,0.3,100ml,1714536000000,1715140800000,1714848720345,1714848720345
1011,1097,4,5,591mL,0.42,100ml,1714536000000,1715140800000,1714848720350,1714848720350
1012,1098,4,5,828mL,0.3,100ml,1714536000000,1715140800000,1714848720356,1714848720356
1013,1099,4,5,591mL,0.42,100ml,1714536000000,1715140800000,1714848720361,1714848720361
1014,1100,4,5,473mL,0.53,100ml,1714536000000,1715140800000,1714848720368,1714848720368
1015,1101,4,9.99,61loads-2.6L,0.38,100ml,1714536000000,1715140800000,1714848720373,1714848720373
1016,1102,4,9.99,1.36L,0.73,100ml,1714536000000,1715140800000,1714848720379,1714848720379
1017,1103,4,10.98,12un,0.91,un,1714536000000,1715140800000,1714848720387,1714848720387
1018,1104,4,9.99,200un,0.05,un,1714536000000,1715140800000,1714848720405,1714848720405
1019,1105,4,5,828mL,0.3,100ml,1714536000000,1715140800000,1714848720412,1714848720412
1020,1106,4,9.99,200un,0.05,un,1714536000000,1715140800000,1714848720419,1714848720419
1021,1107,4,10.98,6un,1.83,un,1714536000000,1715140800000,1714848720432,1714848720432
1022,1108,4,10.98,12x264feuilles,0.91,un,1714536000000,1715140800000,1714848720443,1714848720443
1023,1109,4,9.99,2.63L,0.38,100ml,1714536000000,1715140800000,1714848720449,1714848720449
1024,1110,4,9.99,379g,2.64,100g,1714536000000,1715140800000,1714848720455,1714848720455
1025,1111,4,9.99,2.63L,0.38,100ml,1714536000000,1715140800000,1714848720460,1714848720460
1026,1112,4,9.99,379g,2.64,100g,1714536000000,1715140800000,1714848720466,1714848720466
1027,1113,4,9.99,2.63L,0.38,100ml,1714536000000,1715140800000,1714848720471,1714848720471
1028,1114,4,9.99,200un,0.05,un,1714536000000,1715140800000,1714848727200,1714848727200
1029,1115,4,5,431mL,0.58,100ml,1714536000000,1715140800000,1714848727212,1714848727212
1030,1116,4,5,431mL,0.58,100ml,1714536000000,1715140800000,1714848727225,1714848727225
1031,1117,4,9.99,2.63L,0.38,100ml,1714536000000,1715140800000,1714848727236,1714848727236
1032,1118,4,9.99,2.63L,0.38,100ml,1714536000000,1715140800000,1714848727243,1714848727243
1033,1119,4,9.99,379g,2.64,100g,1714536000000,1715140800000,1714848727250,1714848727250
1034,1120,4,9.99,379g,2.64,100g,1714536000000,1715140800000,1714848727256,1714848727256
1035,1121,4,9.99,379g,2.64,100g,1714536000000,1715140800000,1714848727262,1714848727262
1036,1122,4,9.99,379g,2.64,100g,1714536000000,1715140800000,1714848727270,1714848727270
1037,1123,4,9.99,379g,2.64,100g,1714536000000,1715140800000,1714848727275,1714848727275
1038,1124,4,9.99,379g,2.64,100g,1714536000000,1715140800000,1714848727283,1714848727283
